pedido,fecha_de_realizado,estado,titulo_url,organismo
"Se solicita información sobre datos disponibles sobre estudiantes con discapacidad en UTU, matrículas del año 2015 y accesibilidad",2016-04-18 18:42:03.619339,esperando_respuesta,se_solicita_informacion_sobre_da_3,Consejo De Educación Técnico Profesional
Pedido de datos de la COMAP en formato abierto,2016-05-16 19:39:47.763372,esperando_respuesta,pedido_de_datos_de_la_comap_en_f,Ministerio de Economia y Finanzas
Listado de empresas multinacionales que tengan contrato con el Estado uruguayo,2015-08-24 19:10:34.964246,por_correo,listado_de_empresas_multinaciona_5,"Dirección General de Secretaría del Ministerio De Industria, Energía y Minería"
Listado de empresas multinacionales que tengan contrato con el Estado uruguayo,2015-08-24 19:00:24.459184,revision_interna,listado_de_empresas_multinaciona_2,Ministerio de Economia y Finanzas
Inversión en energía eléctrica,2015-08-04 12:57:24.732577,unsatisfactory_response,inversion_en_energia_electrica,"Dirección General de Secretaría del Ministerio De Industria, Energía y Minería"
Solicitud de información de Asistentes Sociales y/o Lic. en Trabajo Social,2014-07-13 00:58:51.858984,revision_interna,solicitud_de_informacin_de_asist_20,Consejo de Educación Inicial y Primaria
Investigaciones vinculadas con la relación estado sociedad civil,2015-04-23 23:27:47.51767,esperando_respuesta,investigaciones_vinculadas_con_l,Agencia Nacional de Investigación e Innovación
"Pedido de Presupuesto quinquenal, Plan de Obras y Decretos",2016-05-25 13:08:35.286115,esperando_respuesta,pedido_de_presupuesto_quinquenal_2,Intendencia Departamental de Flores
"Se solicita información sobre datos disponibles sobre estudiantes con discapacidad en secundaria, matrículas del año 2015 y accesibilidad",2016-04-18 18:35:08.993902,esperando_respuesta,se_solicita_informacion_sobre_da_2,Consejo de Educación Secundaria
Cantidad de solicitudes de acceso a la información pública y capacitación del personal,2015-10-08 22:43:12.022628,exitoso,cantidad_de_solicitudes_de_acces,Instituto Nacional de Calidad
Solicitud de información de Asistentes Sociales y/o Lic. en Trabajo Social,2014-07-11 01:37:29.108673,exitoso,solicitud_de_informacin_de_asist_18,ANTEL
Solicitud de información de Asistentes Sociales y/o Lic. en Trabajo Social,2014-07-13 01:06:12.267126,revision_interna,solicitud_de_informacin_de_asist_21,Intendencia Departamental de Florida
Solicitud de información de Asistentes Sociales y/o Lic. en Trabajo Social,2014-07-13 00:54:25.480222,exitoso,solicitud_de_informacin_de_asist_19,Comando General de la Armada
Solicitud de información de Asistentes Sociales y/o Lic. en Trabajo Social,2014-07-13 01:07:27.150423,revision_interna,solicitud_de_informacin_de_asist_22,Intendencia de Maldonado
Solicitud de información de Asistentes Sociales y/o Lic. en Trabajo Social.,2014-07-13 01:11:36.789296,exitoso,solicitud_de_informacin_de_asist_23,Administración de las Obras Sanitarias del Estado
Solicitud de información de Asistentes Sociales y/o Lic. en Trabajo Social,2014-07-15 00:58:13.573769,exitoso,solicitud_de_informacin_de_asist_24,ANCAP
Cifras nacimientos prematuros en Uruguay desde 1990 a 2015,2016-05-23 16:07:24.508903,esperando_respuesta,cifras_nacimientos_prematuros_en,Dirección General de Secretaría del Ministerio de Salud Pública
"Se solicita información sobre datos disponibles sobre niños y niñas con discapacidad en el sistema educativo, matrículas del año 2015 y accesibilidad",2016-04-01 19:15:32.997635,esperando_respuesta,se_solicita_informacion_sobre_da,Consejo de Educación Inicial y Primaria
"Pedido de Presupuesto quinquenal, Plan de Obras y Decretos",2016-05-25 13:07:24.694708,esperando_respuesta,pedido_de_presupuesto_quinquenal,Intendencia Departamental de Canelones
Listado de empresas multinacionales que tengan contrato con el Estado uruguayo,2015-08-24 19:11:43.676215,no_retenido,listado_de_empresas_multinaciona_6,Ministerio de Relaciones Exteriores
Datos actuales de la ley IVE,2016-06-05 15:27:04.684091,esperando_respuesta,datos_actuales_de_la_ley_ive,Dirección General de Secretaría del Ministerio de Salud Pública
policias,2012-10-03 16:18:11.78286,revision_interna,policias,Dirección General de Secretaría del Ministerio del Interior
Listado de empresas multinacionales que tengan contrato con el Estado uruguayo,2015-08-26 14:06:14.924802,no_retenido,listado_de_empresas_multinaciona_14,Agencia de Compras y Contrataciones del Estado
Acceso a informe de consultoría sobre imagen de MGAP,2016-04-21 12:38:56.543698,rechazado,acceso_a_informe_de_consultoria,Ministerio de Ganaderia Agricultura y Pesca
Solicitud de informacion Copia de Convenio,2012-09-28 16:38:13.099545,parcialmente_exitoso,solicitud_de_informacion_copia_d,"Dirección General de Secretaría del Ministerio De Industria, Energía y Minería"
Ubicación geográfica de Parkings en Montevideo,2015-08-14 12:24:46.722385,no_retenido,ubicacion_geografica_de_parkings,Intendencia de Montevideo
Listado de empresas multinacionales que tengan contrato con el Estado uruguayo,2015-08-26 14:04:45.696801,revision_interna,listado_de_empresas_multinaciona_13,Ministerio de Vivienda Ordenamiento Territorial y Medio Ambiente
Investigación de violaciones a los derechos humanos durante el terrorismo de Estado,2016-02-07 15:12:49.565201,unsatisfactory_response,investigacion_de_violaciones_a_l,Dirección General de Presidencia de la República
Cantidad de solicitudes de acceso a la información pública y capacitación del personal,2015-10-08 22:52:36.749431,esperando_respuesta,cantidad_de_solicitudes_de_acces_2,Instituto Nacional del Nino y el Adolescente del Uruguay
Información sobre accidentes de tránsito de los últimos años.,2016-05-04 15:33:36.520194,terminado_por_usuario,informacion_sobre_accidentes_de_3,Unidad Nacional de Seguridad Vial
Minimo estipulado para pago con debito,2016-05-10 18:33:24.391185,esperando_respuesta,minimo_estipulado_para_pago_con,Dirección General Impositiva
Cantidad de contratos prepago y pospago de telefonos celulares periodo 2013 - 2015,2016-05-02 15:51:57.313209,exitoso,cantidad_de_contratos_prepago_y,ANTEL
Solicitud de información sobre pagos y contrataciones a Medios de Comunicación por parte de la Intendencia de Salto desde el 10/07/2015,2016-04-03 22:03:52.10952,esperando_respuesta,solicitud_de_informacion_sobre_p,Intendencia de Salto
"Solicitud de información sobre caminería en R10, Laguna Garzón, Rocha.",2016-02-18 20:20:04.899436,revision_interna,solicitud_de_informacion_sobre_c,Dirección Nacional de Vialidad
Georreferenciación de los municipios actuales,2016-07-02 06:33:37.565952,esperando_respuesta,georreferenciacion_de_los_munici,Ministerio de Vivienda Ordenamiento Territorial y Medio Ambiente
Accesibilidad Universal - Permisos de Construcción,2016-06-09 13:58:34.07726,parcialmente_exitoso,accesibilidad_universal_permisos,Intendencia de Montevideo
Se pide información sobre cantidad de denuncias relacionadas a discriminación de personas con discapacidad en el sitema educativo,2016-05-24 12:12:46.803865,exitoso,se_pide_informacion_sobre_cantid,Ministerio de Educación y Cultura
Proyecto marina Buceo,2012-10-05 16:24:51.695422,revision_interna,proyecto_marina_buceo,Ministerio de Transporte y Obras Públicas
Información Sobre Carnaval de San Carlos,2017-03-01 02:59:57.584593,terminado_por_usuario,informacion_sobre_carnaval_de_sa,Intendencia de Maldonado
Datos del gasto de la intendencia en el rubro deportes,2016-09-16 19:48:59.033048,por_correo,datos_del_gasto_de_la_intendenci,Intendencia de Montevideo
Solicitud sobre Turismo y Playas Accesibles en Uruguay,2016-09-10 16:46:31.677098,revision_interna,solicitud_sobre_turismo_y_playas,Ministerio de Turismo y Deporte
Se solicita Información Sobre los acuerdos entre Villa Serrana SA y la Intendencia Lavalleja,2016-10-23 17:56:52.954071,esperando_respuesta,se_solicita_informacion_sobre_lo,Intendencia Departamental de Lavalleja
Números de Puerta | Uruguay,2016-09-13 17:30:45.992757,esperando_respuesta,numeros_de_puerta_uruguay,Agencia para el Desarrollo del Gobierno de Gestión Electrónica y la Sociedad de la Información y del Conocimiento (AGESIC)
Información sobre Metilfenidato,2016-10-26 21:38:23.204007,exitoso,informacion_sobre_metilfenidato,Dirección General de Secretaría del Ministerio de Salud Pública
Consumo de Metilfenidato,2016-11-16 17:49:05.844066,esperando_respuesta,consumo_de_metilfenidato,Dirección General de Secretaría del Ministerio de Salud Pública
Variaciones estacionales del flujo del rio Negro a la altira de Baigorria,2017-03-17 02:53:22.726959,exitoso,variaciones_estacionales_del_flu,Dirección Nacional de Hidrografía
Detenidos en espectáculos deportivos,2017-03-31 14:17:25.418064,rechazado,detenidos_en_espectaculos_deport,Dirección General de Secretaría del Ministerio del Interior
Solicitud de Información sobre Convenio CJPPU/Inmobiliaria FOTI y sobre Convenio CJPPU/FORESTADORA ORIENTAL - UPM,2016-08-12 04:06:15.791263,unsatisfactory_response,solicitud_de_informacion_sobre_c_3,Caja Jubilaciones Y Pensiones Profesionales Universitarios
Gastos de Apoyo a Deportistas,2017-04-04 16:37:12.380526,esperando_respuesta,gastos_de_apoyo_a_deportistas_4,Secretaría Nacional de Deporte
Financiamiento a deportistas de alto rendimiento,2016-08-18 16:27:18.780385,exitoso,financiamiento_a_deportistas_de,Secretaría Nacional de Deporte
Solicitud de indicadores para tesis de Maestría en Información y Comunicación,2016-09-06 12:04:16.746957,parcialmente_exitoso,solicitud_de_indicadores_para_te,Ministerio de Ganaderia Agricultura y Pesca
"Desempleados 2009 - 2012 en Empalme Olmos, Blanquillos, Villa La Montañesa, Pando",2012-10-11 00:21:39.045871,no_retenido,desempleados_2009_2012_en_empalm,Instituto Nacional de Estadistica
Se pide información sobre cantidad de denuncias de discriminación a la Comisión Nacional Honoraria de Discapacidad,2016-07-27 16:15:40.154955,esperando_respuesta,se_pide_informacion_sobre_cantid_2,Dirección General de Secretaría del Ministerio de Desarrollo Social
Gastos de Apoyo a Deportistas,2017-03-31 14:10:12.420588,exitoso,gastos_de_apoyo_a_deportistas_2,ANTEL
Solicitud de indicadores sobre recursos humanos  del MIDES para tesis de Maestría,2016-10-11 19:17:35.190118,parcialmente_exitoso,solicitud_de_indicadores_sobre_r,Dirección General de Secretaría del Ministerio de Desarrollo Social
Estadísticas de comercialización vacuna,2016-06-12 14:35:36.050364,por_correo,estadisticas_de_comercializacion,Ministerio de Ganaderia Agricultura y Pesca
Solicitud de reglamentos que regula la visita a los establecimientos carcelarios,2017-01-02 18:49:11.241254,esperando_respuesta,solicitud_de_reglamentos_que_reg,Instituto Nacional De Rehabilitación
Información sobre última visita oficial de Venezuela a Uruguay,2016-07-25 18:39:53.027687,esperando_respuesta,informacion_sobre_ultima_visita,Ministerio de Relaciones Exteriores
Gastos y contratos de Ancap,2017-01-24 16:07:33.521491,revision_interna,gastos_y_contratos_de_ancap,ANCAP
relación de Antel con el carnaval,2016-07-27 20:27:38.636465,rechazado,relacion_de_antel_con_el_carnava,ANTEL
Estadísticas Delitos Informáticos,2016-08-10 13:39:10.665624,revision_interna,estadisticas_delitos_informatico,Dirección General de Secretaría del Ministerio del Interior
"Pequeño paquete:   declarado , pagado ,  no entregado",2016-03-02 09:46:00.247898,esperando_respuesta,pequeno_paquete_declarado_pagado,Administración Nacional de Correos
Gastos de Apoyo a Deportistas,2017-04-03 16:00:15.263912,exitoso,gastos_de_apoyo_a_deportistas_3,Banco de Seguros del Estado
Informe sobre Estado de situación de Alas Uruguay,2016-08-04 03:07:05.918062,por_correo,informe_sobre_estado_de_situacio,Direccion Nacional de aviacion civil e infraestructura aeronautica
Datos de enfermedades de notificación obligatoria,2016-09-08 18:56:33.932575,esperando_respuesta,datos_de_enfermedades_de_notific,Dirección General de Secretaría del Ministerio de Salud Pública
Denuncias realizadas por mala praxis en 2016.,2016-10-15 20:28:34.937718,por_correo,denuncias_realizadas_por_mala_pr,Dirección General de Secretaría del Ministerio de Salud Pública
Solicitud de Información sobre juegos inclusivos colocados en los espacios públicos de Montevideo,2017-03-14 19:41:35.616878,parcialmente_exitoso,solicitud_de_informacion_sobre_j,Intendencia de Montevideo
"Ante la decisión del Ministerio de Salud de indicar la obligatoriedad de la vacuna contra el VPH en uruguay, para niñas de 12 años, solicito el siguiente pedido de acceso a la información.",2016-11-01 15:54:37.560087,exitoso,ante_la_decision_del_ministerio,Dirección General de Secretaría del Ministerio de Salud Pública
Gastos de Apoyo a Deportistas,2017-03-31 14:03:43.492793,exitoso,gastos_de_apoyo_a_deportistas,ANCAP
Análisis realizados en Laguna del Sauce,2016-10-07 16:15:51.223497,exitoso,analisis_realizados_en_laguna_de,Administración de las Obras Sanitarias del Estado
Denuncias por mala praxis,2016-10-15 20:23:57.624521,por_correo,denuncias_por_mala_praxis,Dirección General de Secretaría del Ministerio de Salud Pública
Cantidad de Plazas deportivas y presupuesto de las mismas,2017-04-04 04:03:28.222687,esperando_respuesta,cantidad_de_plazas_deportivas_y,Congreso de Intendentes
Gastos Anuales de Energía eléctrica a complejos deportivos y gastos anuales en publicidad con deportistas uruguayos,2017-04-06 12:54:24.244256,esperando_respuesta,gastos_anuales_de_energia_electr,Administración Nacional de Usinas y Trasmisiones Eléctricas
Gastos en actividades deportivas organizadas por el INJU,2017-04-04 03:39:18.737472,exitoso,gastos_en_actividades_deportivas,Dirección General de Secretaría del Ministerio de Desarrollo Social
listado de empresas nacionales e internacionales que tengan contrato con esta Administración,2016-02-02 12:51:38.775825,exitoso,listado_de_empresas_nacionales_e_2,ANTEL
Gastos de apoyo a deportistas uruguayos,2017-04-04 04:06:29.055298,exitoso,gastos_de_apoyo_a_deportistas_ur,"Dirección General de Secretaría del Ministerio De Industria, Energía y Minería"
Gastos en actividades deportivas organizadas por Educacion Secundaria,2017-04-04 03:57:00.439449,parcialmente_exitoso,gastos_en_actividades_deportivas_2,Consejo de Educación Secundaria
Espacios públicos para deportes,2017-04-04 04:22:35.484433,exitoso,espacios_publicos_para_deportes,Intendencia de Montevideo
"Aclaracion para Informe altenativo Uruguay al Comite de Discapacidad de la ONU, sobe inamobilidad de la Urna",2016-06-13 18:40:30.00576,esperando_respuesta,aclaracion_para_informe_altenati,Corte Electoral
Datos sobre Audeca y Tenfield.,2016-10-07 22:06:06.450145,exitoso,datos_sobre_audeca_y_tenfield,Intendencia de Montevideo
URGENTE,2012-10-23 20:25:09.498602,exitoso,urgente,Dirección General de Secretaría del Ministerio de Desarrollo Social
sueldos,2012-11-30 19:20:19.819514,exitoso,sueldos,Intendencia de Montevideo
Solicitud de acceso a la información.,2016-05-31 14:52:46.026772,por_correo,solicitud_de_acceso_a_la_informa,Direccion Nacional Recursos Acuaticos
Partidas y montos que perciben Ediles,2017-07-19 16:51:59.990585,esperando_respuesta,partidas_y_montos_que_perciben_e,Junta Departamental de Soriano
Listado de farmacias habilitadas,2017-06-14 19:02:23.204984,esperando_respuesta,listado_de_farmacias_habilitadas,Dirección General de Secretaría del Ministerio de Salud Pública
Gastos de Apoyo a Deportistas,2017-05-11 12:48:33.784404,por_correo,gastos_de_apoyo_a_deportistas_7,Administración de las Obras Sanitarias del Estado
Información sobre terrenos expropiados para construcción de puerto de aguas profundas,2017-07-25 21:45:12.932833,no_retenido,informacion_sobre_terrenos_expro_2,Dirección General de Presidencia de la República
Información sobre accidentes de tránsito que involucren ciclistas.,2016-03-02 20:15:13.723864,no_retenido,informacion_sobre_accidentes_de,Intendencia de Montevideo
Datos sobre el carnaval,2016-06-14 15:20:01.225009,exitoso,datos_sobre_el_carnaval,Intendencia de Montevideo
Información sobre funcionarios de los hogares de reclusión adolescente,2017-08-28 19:21:04.288294,por_correo,informacion_sobre_funcionarios_d,Instituto Nacional del Nino y el Adolescente del Uruguay
Información sobre Liceos públicos de gestión privada,2017-05-31 20:44:00.145572,rechazado,informacion_sobre_liceos_publico,Consejo de Educación Secundaria
Viajes y viáticos de senadores en 2015 y 2016,2017-06-22 23:47:36.745861,revision_interna,viajes_y_viaticos_de_senadores_e,Cámara de Senadores
Información sobre la residencia presidencial de Punta del Este,2017-06-05 01:43:41.891704,esperando_respuesta,informacion_sobre_la_residencia,Dirección General de Presidencia de la República
Información relativa a medios estatales,2017-06-27 13:28:59.600824,esperando_respuesta,informacion_relativa_a_medios_es,Ministerio de Educación y Cultura
Escaleras y áreas de rescate en edificios de uso público.,2017-04-24 18:33:13.500781,esperando_respuesta,escaleras_y_areas_de_rescate_en_2,Direccion Nacional de Bomberos
Gastos de Apoyo a Deportistas,2017-05-11 12:46:02.732598,esperando_respuesta,gastos_de_apoyo_a_deportistas_6,Administración de las Obras Sanitarias del Estado
Se solicita conocer el registro de infractores que lleva el MSP de acuerdo a la Ley de Control de Tabaquismo N° 18.256 del año 2006.,2017-06-20 14:46:28.865835,esperando_respuesta,se_solicita_conocer_el_registro,Dirección General de Secretaría del Ministerio de Salud Pública
Escaleras y áreas de rescate en edificios de uso público.,2017-04-24 18:28:05.153062,parcialmente_exitoso,escaleras_y_areas_de_rescate_en,Intendencia de Montevideo
Detenidos en espectáculos deportivos,2017-04-28 12:39:06.043259,exitoso,detenidos_en_espectaculos_deport_2,"Fiscalía de Corte, Procuraduría General de la Nación"
Conocer el perfil de quienes solicitan información a través de la Ley de Acceso a la Información Pública,2017-07-04 14:51:05.330013,terminado_por_usuario,conocer_el_perfil_de_quienes_sol,Unidad de Acceso a la Información Pública
Pertenencia de auto oficial,2012-11-23 15:56:34.088817,no_retenido,pertenencia_de_auto_oficial,Unidad de Acceso a la Información Pública
Solicitud de datos de la ciudad de Carmelo,2012-11-11 04:01:30.937353,parcialmente_exitoso,solicitud_de_datos_de_la_ciudad,Instituto Nacional de Estadistica
Información sobre terrenos expropiados para construcción de puerto de aguas profundas,2017-06-08 23:23:22.793755,unsatisfactory_response,informacion_sobre_terrenos_expro,Dirección General de Presidencia de la República
Balances presupuestales de la Intendencia de Montevideo correspondiente al período de ejecución del 1990-2007,2017-05-17 22:00:27.697725,terminado_por_usuario,balances_presupuestales_de_la_in,Intendencia de Montevideo
Información sobre la residencia presidencial de Punta del Este,2017-06-05 01:51:55.84643,rechazado,informacion_sobre_la_residencia_2,Banco de la República Oriental del Uruguay
Información recabada sobre casos de Ballena Azul,2017-05-29 18:42:25.885085,revision_interna,informacion_recabada_sobre_casos,Dirección General de Secretaría del Ministerio del Interior
Listado de Farmacias Autorizadas,2017-05-24 02:46:10.253095,exitoso,listado_de_farmacias_autorizadas,Dirección General de Secretaría del Ministerio de Salud Pública
Información sobre la venta de la residencia presidencial de Punta del Este,2017-06-05 01:47:36.177867,esperando_respuesta,informacion_sobre_la_venta_de_la,Dirección General de Presidencia de la República
Listado de laboratorios de Anatomía Patológica en en País,2017-06-17 22:47:50.471125,revision_interna,listado_de_laboratorios_de_anato,Dirección General de Secretaría del Ministerio de Salud Pública
Murga Joven: todos los registros desde 1998  hasta 2016 y los talleres previos desde 1995,2017-01-06 19:38:03.991773,por_correo,murga_joven_todos_los_registros,Intendencia de Montevideo
Gastos de Apoyo a Deportistas,2017-05-19 17:49:44.666283,unsatisfactory_response,gastos_de_apoyo_a_deportistas_8,Administración Nacional de Correos
Viajes y viáticos de diputados en 2015 y 2016,2017-06-22 23:50:18.662646,revision_interna,viajes_y_viaticos_de_diputados_e,Camara de Diputados
Se informe sobre el presupuesto asignado a profesores adscriptores en Consejo de Educación Secundaria,2017-09-13 18:24:44.186492,esperando_respuesta,se_informe_sobre_el_presupuesto,Administración Nacional de Educación Pública - Contacto General
Información sobre la residencia presidencial de Punta del Este,2017-08-23 21:40:28.515818,esperando_respuesta,informacion_sobre_la_residencia_3,Banco de la República Oriental del Uruguay
Información sobre terrenos expropiados para construcción de un Puerto de Aguas Profundas,2017-09-20 02:29:08.587126,esperando_respuesta,informacion_sobre_terrenos_expro_3,Ministerio de Transporte y Obras Públicas
Resultados de monitoreo de calidad de agua en fuentes y en salida de OSE a la población,2017-06-22 23:41:18.521664,esperando_respuesta,resultados_de_monitoreo_de_calid,Administración de las Obras Sanitarias del Estado
Nómina de cargos de confianza del Intendente de Canelones y la respectiva formación académica de cada integrante del mismo.,2016-03-04 14:41:22.133535,esperando_respuesta,nomina_de_cargos_de_confianza_de,Intendencia Departamental de Canelones
Datos de puntos de venta y kioskos del mercado retail con sus respectivas referencias geográficas.,2017-06-23 13:27:46.124079,no_retenido,datos_de_puntos_de_venta_y_kiosk,Agencia para el Gobierno Electronico y la Sociedad de la Informacion
Drogas en espectaculos deportivos,2017-04-07 02:20:57.468248,esperando_respuesta,drogas_en_espectaculos_deportivo,Junta Nacional de Drogas
Información sobre funcionarios de los hogares de reclusión adolescente,2017-08-29 01:04:58.770731,exitoso,informacion_sobre_funcionarios_d_2,Instituto Nacional de Inclusión Social Adolescente
Solicitud de info pública Convenio con Fundación Jazmín,2017-07-25 22:04:00.956522,por_correo,solicitud_de_info_publica_conven,Intendencia de Montevideo
Proyectos de Ley concretados para el Deporte,2017-05-11 19:21:03.490364,exitoso,proyectos_de_ley_concretados_par,Cámara De Representantes
Jubilaciones a deportistas,2017-05-11 19:17:07.657265,esperando_respuesta,jubilaciones_a_deportistas,Banco de Previsión Social
Solicitud de informes de cumplimiento de sentencia relacionados con el caso Gelman Vs. Uruguay de la Corte Interamericana de Derechos Humanos,2017-06-23 14:10:45.750924,no_retenido,solicitud_de_informes_de_cumplim,Ministerio de Relaciones Exteriores
Enfermedades profesionales,2017-06-17 22:52:08.766853,revision_interna,enfermedades_profesionales,Dirección General de Secretaría del Ministerio de Salud Pública
Solicitud de información de Asistentes Sociales y/o Lic. en Trabajo Social,2014-07-07 20:44:19.488698,no_retenido,solicitud_de_informacin_de_asist_13,Administración Nacional de Usinas y Trasmisiones Eléctricas
Solicitud deinformacion sobre la operacion de rescate del buque surcoreano Stellar Daisy,2017-10-12 15:17:25.854721,esperando_respuesta,solicitud_deinformacion_sobre_la,Comando General de la Armada
Proyectos de Ley aprobados,2017-05-12 12:56:51.62951,exitoso,proyectos_de_ley_aprobados,Cámara de Senadores
Procesados por disturbios en espectáculos deportivos,2017-04-07 12:18:47.426165,revision_interna,procesados_por_disturbios_en_esp,Suprema Corte de Justicia
Transmisión de deportes por televisión abierta,2017-04-07 12:10:12.466936,waiting_clarification,transmision_de_deportes_por_tele,Television Nacional del Uruguay
Solicitud de Información sobre Caluclo de Precio del Boleto,2016-03-04 17:36:45.644595,por_correo,solicitud_de_informacion_sobre_c_2,Intendencia de Montevideo
Solicitud de información de Asistentes Sociales y/o Lic. en Trabajo Social,2014-07-07 20:57:23.514464,revision_interna,solicitud_de_informacin_de_asist_16,Intendencia Departamental de Canelones
Resultados de monitoreo de calidad de agua en fuentes y en salida de OSE a la población,2017-06-23 23:14:27.097987,not_foi,resultados_de_monitoreo_de_calid_2,Administración de las Obras Sanitarias del Estado
Terrenos Municipales cedidos a instituciones deportivas,2017-05-12 12:43:42.268447,exitoso,terrenos_municipales_cedidos_a_i,Junta Departamental de montevideo
Información,2017-10-03 20:00:22.641764,esperando_respuesta,informacion_2,Dirección Nacional de Hidrografía
Gastos sobre publicidad oficial.,2017-10-17 21:41:09.20519,esperando_respuesta,gastos_sobre_publicidad_oficial,Oficina de Planeamiento y Presupuesto
Información Institucional sobre la Unidad N° 7 - (Canelones),2017-10-02 15:41:19.365879,no_retenido,informacion_institucional_sobre,Instituto Nacional de Rehabilitacion
Bullying,2017-10-20 16:02:46.457739,esperando_respuesta,bullying,Administración Nacional de Educación Pública - Contacto General
"Datos vinculados a la salud mental en la Unidad Nº4 Santiago Vázquez y en la Unidad Nº5 ""Femenina""",2017-10-23 13:05:05.970195,esperando_respuesta,datos_vinculados_a_la_salud_ment,Instituto Nacional De Rehabilitación
Información Institucional sobre la Unidad N° 7 - (Canelones),2017-10-09 12:18:09.126821,esperando_respuesta,informacion_institucional_sobre_2,Dirección General de Secretaría del Ministerio del Interior
Gastos de Apoyo a Deportistas,2017-04-07 12:15:19.732248,exitoso,gastos_de_apoyo_a_deportistas_5,Banco de la República Oriental del Uruguay
TEA Y TDAH- Afectados,2017-10-12 00:31:34.576448,esperando_respuesta,tea_y_tdah_afectados,Dirección General de Secretaría del Ministerio de Salud Pública
Municipios 2015,2017-10-27 04:55:42.232017,esperando_respuesta,municipios_2015,Ministerio de Vivienda Ordenamiento Territorial y Medio Ambiente
Pautas publicitarias,2017-10-17 01:53:45.535549,esperando_respuesta,pautas_publicitarias,Junta Departamental de San José
"Datos de la  Unidad Nº 4 Santiago Vázquez y de la Unidad Nº5 ""Femenino""",2017-10-31 14:10:21.482267,esperando_respuesta,datos_de_la_unidad_no_4_santiago,Dirección General de Secretaría del Ministerio del Interior
Solicitud de información sobre pacientes con TEA del ámbito público,2017-11-01 20:25:36.198213,esperando_respuesta,solicitud_de_informacion_sobre_p_2,Dirección General de Secretaría del Ministerio de Salud Pública
Solicitud de información de Asistentes Sociales y/o Lic. en Trabajo Social.,2014-05-31 21:39:43.523323,revision_interna,solicitud_de_informacin_de_asist_4,Administración Nacional de Educación Pública - Contacto General
Solicitud de información de Asistentes Sociales.,2014-05-31 21:15:46.437889,exitoso,solicitud_de_informacin_de_asist,Ministerio de Defensa
Hogares conectados a fibra óptica,2016-02-07 15:33:48.299593,parcialmente_exitoso,hogares_conectados_a_fibra_optic,ANTEL
Copia resolución Controversia CIDH,2014-05-25 23:49:21.110211,esperando_respuesta,copia_resolucin_controversia_cid,Ministerio de Relaciones Exteriores
Cantidad de Trabajadores Sociales y Contratos,2014-05-23 01:10:18.930534,exitoso,cantidad_de_trabajadores_sociale,Dirección General de Secretaría del Ministerio de Desarrollo Social
Cantidad de Trabajadores Sociales y Contratos distribuidos en  ASSE,2014-05-23 01:16:14.090298,revision_interna,cantidad_de_trabajadores_sociale_2,Dirección General de Secretaría del Ministerio de Salud Pública
Programa Centros Educativos Abiertos (+Centro),2016-02-09 22:47:13.251777,exitoso,programa_centros_educativos_abie,Dirección General de Secretaría del Ministerio de Desarrollo Social
Solicitud de información de Asistentes Sociales y/o Lic. en Trabajo Social.,2014-05-31 21:28:09.505287,revision_interna,solicitud_de_informacin_de_asist_3,Ministerio de Vivienda Ordenamiento Territorial y Medio Ambiente
Acta del Concejo Municipal de Santa Lucía el día 5 de diciembre de 2013,2014-07-02 15:16:25.697378,esperando_respuesta,acta_del_concejo_municipal_de_sa,Intendencia Departamental de Canelones
Información sobre homicidios 2011-2012,2012-10-03 19:28:39.042717,revision_interna,informacin_sobre_homicidios_2011,Dirección General de Secretaría del Ministerio del Interior
Solicitud de informacion,2012-09-28 15:16:48.525195,exitoso,solicitud_de_informacion,Dirección General de Secretaría del Ministerio de Desarrollo Social
Estadisticas de tratamiento de leyes,2012-10-01 16:28:41.148925,exitoso,estadisticas_de_tratamiento_de_l,Cámara de Senadores
emprendimientos  nuevos La Paloma,2012-10-03 17:24:48.002017,no_retenido,emprendimientos_nuevos_la_paloma,Dirección Nacional Arquitectura
Renovacion del Titulo de habilitacion para la tenecia y compra de armas,2012-10-03 20:35:08.332828,exitoso,renovacion_del_titulo_de_habilit,Dirección General de Secretaría del Ministerio del Interior
Manual para uso de redes sociales como medios de comunicación oficial gubernamental,2012-10-03 16:21:28.66931,no_retenido,manual_para_uso_de_redes_sociale,Agencia para el Gobierno Electronico y la Sociedad de la Informacion
Ultimas Estadisticas 2012,2012-09-28 16:26:56.036492,exitoso,ultimas_estadisticas_2012,Unidad Nacional de Seguridad Vial
Solicitud de información de Asistentes Sociales y/o Lic. en Trabajo Social.,2014-05-31 21:43:54.865489,exitoso,solicitud_de_informacin_de_asist_5,Junta Nacional de Drogas
Porcentaje del ingreso de patentes de vehículos destinado a reparación de calles,2014-07-10 21:07:41.144859,waiting_clarification,porcentaje_del_ingreso_de_patent,Intendencia de Montevideo
Holding pen,2012-09-30 13:35:03.990027,esperando_respuesta,holding_pen,Internal admin authority
Información sobre accidentes de tránsito que involucren ciclistas.,2016-03-08 17:47:30.753071,no_retenido,informacion_sobre_accidentes_de_2,Dirección General de Secretaría del Ministerio del Interior
Cantidad de equipos Electrónicos y libros o revistas,2012-10-04 01:06:36.765983,revision_interna,cantidad_de_equipos_electrnicos,Dirección Nacional de Aduanas
Solicitud de informacion de gastos telefónicos Junta Departamental de Rocha,2016-03-09 23:40:09.402609,rechazado,solicitud_de_informacion_de_gast,ANTEL
Listado de empresas multinacionales que tengan contrato con el Estado uruguayo,2015-08-24 19:04:10.712941,esperando_respuesta,listado_de_empresas_multinaciona_3,Ministerio de Educación y Cultura
Listado de empresas multinacionales que tengan contrato con el Estado uruguayo,2015-08-26 13:45:34.732316,esperando_respuesta,listado_de_empresas_multinaciona_7,Comando General de la Armada
Listado de empresas multinacionales que tengan contrato con el Estado uruguayo,2015-08-26 13:48:06.292463,esperando_respuesta,listado_de_empresas_multinaciona_8,Dirección General de Secretaría del Ministerio del Interior
Listado de empresas multinacionales que tengan contrato con el Estado uruguayo,2015-08-26 14:01:27.598134,esperando_respuesta,listado_de_empresas_multinaciona_12,Ministerio de Transporte y Obras Públicas
"Cantidad de contratos vigentes en el Estado, montos, objetivos y nombres de contratados",2012-10-03 21:34:33.893968,parcialmente_exitoso,cantidad_de_contratos_vigentes_e,Oficina de Planeamiento y Presupuesto
Solicito informacion de todas las denuncias realizadas en ese municipio contra el bar el tranquilo en 21 de septiembre 3000,2016-02-23 15:24:33.627766,no_retenido,solicito_informacion_de_todas_la,Municipio CH (Montevideo)
test,2012-09-14 16:59:30.680992,no_retenido,test,DATA
Mensaje de Prueba Daniel Distacio,2012-10-03 17:24:43.480609,exitoso,mensaje_de_prueba_daniel_distaci,Dirección General de Secretaría del Ministerio de Desarrollo Social
Situación del plan solar,2012-10-03 18:08:37.423431,esperando_respuesta,situacin_del_plan_solar,Dirección Nacional de Energía
Trámites online,2016-02-10 13:11:35.200031,parcialmente_exitoso,tramites_online_2,Agencia para el Gobierno Electronico y la Sociedad de la Informacion
Delitos cometidos por menores,2012-10-03 23:34:36.900845,esperando_respuesta,delitos_cometidos_por_menores,Dirección General de Secretaría del Ministerio del Interior
Prima por Antiguedad en Provisoriato,2012-10-03 12:08:13.298927,rechazado,prima_por_antiguedad_en_provisor,Oficina Nacional del Servicio Civil
todo sobre Ema Silvia Vila Guerra,2012-10-03 23:52:08.528607,rechazado,todo_sobre_ema_silvia_vila_guerr,Archivo General de la Nación
Resoluciòn del llamado a licitaciòn para la restauraciòn traslado y ubicaciòn final de las maquetas originales del Palacio Legislativo.,2012-10-03 23:18:03.128399,esperando_respuesta,resolucin_del_llamado_a_licitaci,Comision Administradora del Poder Legislativo
regasificadora emprendimiento Ancap Ute,2012-10-03 17:50:42.325691,esperando_respuesta,regasificadora_emprendimiento_an,ANCAP
Manual de Voluntariado,2012-10-03 17:47:54.624399,exitoso,manual_de_voluntariado,DATA
Lsitado de vehiculos autorizados para transporte escolares fuera de Mdeo,2012-10-03 16:20:13.803997,esperando_respuesta,lsitado_de_vehiculos_autorizados,Unidad Nacional de Seguridad Vial
Detalles de Subasta Pluna ocurrida el 1 de octubre de 2012,2012-10-03 18:05:19.167912,por_correo,detalles_de_subasta_pluna_ocurri,Ministerio de Economia y Finanzas
Rendición  de cuentas anual de la gestión municipal de la Intendencia de Canelones 2009-2014,2015-01-13 12:45:35.843204,exitoso,rendicion_de_cuentas_anual_de_la,Intendencia Departamental de Canelones
Informacion sobre sueldos,2012-10-03 19:22:53.364572,rechazado,informacion_sobre_sueldos,SODRE
Estadistica crímenes por ciudad en Uruguay,2012-10-03 23:19:17.267299,no_retenido,estadistica_crmenes_por_ciudad_e,Dirección Nacional de Identificación Civil (DNIC)
"Edificacion del ministerio abandonada,.",2012-10-05 22:50:11.564865,revision_interna,edificacion_del_ministerio_aband,Dirección General de Secretaría del Ministerio del Interior
"Ortiz MARQUEZ , Adelina GOMEZ",2012-10-04 00:16:42.674651,esperando_respuesta,ortiz_marquez_adelina_gomez,Direcion Nacional de Registro
Hay fecha para el comienzo de obra del nuevo mercado modelo?.,2012-10-05 16:36:05.470027,esperando_respuesta,hay_fecha_para_el_comienzo_de_ob,Intendencia de Montevideo
Informacion,2012-10-04 00:03:24.982619,esperando_respuesta,informacion,Dirección General de Secretaría del Ministerio del Interior
situación de exp. N° 2012-1-00400.,2012-10-04 00:36:34.76763,exitoso,situacin_de_exp_n_2012_1_00400,Unidad Reguladora de Servicios de Comunicaciones
Transgénicos en Uruguay,2012-10-04 21:02:42.967146,rechazado,transgnicos_en_uruguay,Ministerio de Ganaderia Agricultura y Pesca
Sistema de Previaturas en Universidades,2012-10-06 14:25:18.82143,rechazado,sistema_de_previaturas_en_univer,Ministerio de Educación y Cultura
Calculo para el pago al Fideicomiso PGE-CIU  Plan gestion de envases,2012-10-04 01:26:31.620983,esperando_respuesta,calculo_para_el_pago_al_fideicom,Ministerio de Vivienda Ordenamiento Territorial y Medio Ambiente
Datos de funcionarios en el organismo,2012-10-04 18:33:40.403648,esperando_respuesta,datos_de_funcionarios_en_el_orga,Instituto Nacional del Nino y el Adolescente del Uruguay
Lista de ingresados a sanatorio CAMOC- Carmelo,2012-10-05 00:19:20.924689,rechazado,lista_de_ingresados_a_sanatorio,Dirección General de Secretaría del Ministerio de Salud Pública
Solicitud de información de Asistentes Sociales y/o Lic. en Trabajo Social,2014-07-06 02:17:27.758541,esperando_respuesta,solicitud_de_informacion_de_asis_2,Ministerio de Educación y Cultura
publicacion de forma ilegal de datos personales  por parte de la IMM,2014-07-25 23:22:40.35667,por_correo,publicacion_de_forma_ilegal_de_d,Intendencia de Montevideo
Multas Inspectores de tránsito,2012-10-03 23:44:21.758481,rechazado,multas_inspectores_de_trnsito,Intendencia de Montevideo
Reparacion de veredas,2012-10-03 17:46:29.719339,terminado_por_usuario,reparacion_de_veredas,Intendencia de Montevideo
"obras realizadas ruta 8, tramo Treinta y Tres - Cerro Largo (Melo)",2012-10-04 05:03:46.488656,parcialmente_exitoso,obras_realizadas_ruta_8_tramo_tr,Dirección Nacional de Vialidad
inspectores de Fauna,2012-10-04 04:10:15.801787,exitoso,inspectores_de_fauna,Ministerio de Ganaderia Agricultura y Pesca
Proyectos de Presupuesto Participativo elegidos en el 2011,2012-10-05 03:50:00.252072,parcialmente_exitoso,proyectos_de_presupuesto_partici,Intendencia de Montevideo
Vehiculos al servicio de Presidencia,2012-10-05 01:28:59.900704,parcialmente_exitoso,vehiculos_al_servicio_de_preside,Dirección General de Presidencia de la República
Adulto Mayor Asistencia,2012-10-04 00:35:37.669064,esperando_respuesta,adulto_mayor_asistencia,Dirección General de Secretaría del Ministerio de Desarrollo Social
"damnificados por clausura de Sonisol SA, Simply y Grupomundo",2012-10-04 23:39:10.643305,revision_interna,damnificados_por_clausura_de_son,Ministerio de Turismo y Deporte
Costos de Publicidades ANCAP,2012-10-04 05:20:29.764367,no_retenido,costos_de_publicidades_ancap,"Dirección General de Secretaría del Ministerio De Industria, Energía y Minería"
Estadistica de reclamos a los consumidores,2012-10-04 01:11:48.020692,revision_interna,estadistica_de_reclamos_a_los_co,Defensa del Consumidor
Necesito saber cuántos asesores tiene ASSE y a cuánto asciende la suma de sus salarios,2012-10-05 02:31:23.061571,rechazado,necesito_saber_cuntos_asesores_t,Dirección General de Secretaría del Ministerio de Salud Pública
Quisiera saber como puedo lograr señalamiento para discapacitados en la puerta de mi hogar para facilitar transportar a mi hermana.,2012-10-04 00:04:32.562991,exitoso,quisiera_saber_como_puedo_lograr,Intendencia de Montevideo
"Mediciòn de poluciòn en el aire de Nueva Palmira, registro Thermo Anderson.",2012-10-04 23:15:47.17596,esperando_respuesta,medicin_de_polucin_en_el_aire_de,Ministerio de Vivienda Ordenamiento Territorial y Medio Ambiente
Reglamentacion de reincorporacion al ejercito de profesional de la salud retirada,2012-10-04 11:25:14.823253,revision_interna,reglamentacion_de_reincorporacio,Ministerio de Defensa
Precio promedio de las compras de crudo,2012-10-04 04:15:12.191149,exitoso,precio_promedio_de_las_compras_d,ANCAP
Sueldo del Presidente y Vicepresidente.,2012-10-04 00:33:48.039601,exitoso,sueldo_del_presidente_y_vicepres,Dirección General de Presidencia de la República
Discrepancias entre voltajes admitidos por electrodomésticos,2012-10-04 01:02:14.935701,revision_interna,discrepancias_entre_voltajes_adm,Unidad Reguladora de Servicios de Energía y Agua
Rendición de Cuentas anual de la gestión municipal 2009-2011,2015-03-20 20:50:56.956502,unsatisfactory_response,rendicion_de_cuentas_anual_de_la_4,Intendencia de Durazno
Gastos prescindibles,2012-10-04 14:04:03.86031,parcialmente_exitoso,gastos_prescindibles,ANCAP
Estadistica de como canalizan las ventas de sus ganados los productore del Uruguay,2012-10-04 04:47:01.672315,no_retenido,estadistica_de_como_canalizan_la,Ministerio de Ganaderia Agricultura y Pesca
Funcionarios en puestos de confianza.,2012-10-04 12:59:51.80786,rechazado,funcionarios_en_puestos_de_confi,Oficina Nacional del Servicio Civil
CANTIDAD de viviendas,2012-10-08 20:30:08.577324,exitoso,cantidad_de_viviendas,Ministerio de Vivienda Ordenamiento Territorial y Medio Ambiente
Normativa Laboratorios Anatomia patologica,2012-10-04 01:42:12.40465,revision_interna,normativa_laboratorios_anatomia,Dirección General de Secretaría del Ministerio de Salud Pública
Cantidad de cigarrillos paraguayos importados del Paraguay - Marcas,2012-10-09 12:36:12.311594,esperando_respuesta,cantidad_de_cigarrillos_paraguay,Dirección Nacional de Aduanas
CANTIDAD de alumnos,2012-10-07 16:59:44.446003,rechazado,cantidad_de_alumnos,Ministerio de Turismo y Deporte
Pedido de Acceso,2012-10-10 13:17:44.972299,esperando_respuesta,pedido_de_acceso,Direccion Contralor de Semovientes
denuncias de hogares de ancianos y visitas realizadas en el año 2011 por el Sector Ancianidad - DIGESA- MSP,2012-10-10 18:07:38.976615,esperando_respuesta,denuncias_de_hogares_de_ancianos,Dirección General de Secretaría del Ministerio de Salud Pública
Valor de la patente anua l de Chevrolet Avalanche del año 2006,2012-10-06 16:05:57.545465,no_retenido,valor_de_la_patente_anua_l_de_ch,Intendencia de Montevideo
Llamado Interno para Vacantes en Porteria Portland Paysandu,2012-10-06 02:38:26.557448,esperando_respuesta,llamado_interno_para_vacantes_en,ANCAP
Cuantos habitantes tienen las capitales departamentales en 2012,2012-10-11 15:05:40.929763,exitoso,cuantos_habitantes_tienen_las_ca,Instituto Nacional de Estadistica
Estado del trámite relacionado con mis años de servicios en Educ. Secundaria,2012-10-11 13:32:20.310795,esperando_respuesta,estado_del_trmite_relacionado_co,Ministerio de Educación y Cultura
Plazo para adecuar estatutos de cooperativas a la ley 18407,2012-10-11 13:57:23.36217,exitoso,plazo_para_adecuar_estatutos_de,Ministerio de Vivienda Ordenamiento Territorial y Medio Ambiente
Normativa sobre quemas,2012-10-04 04:11:39.222503,parcialmente_exitoso,normativa_sobre_quemas,Direccion Nacional de Bomberos
Edificio en puerto de Punta del Este,2012-10-07 23:52:51.297702,no_retenido,edificio_en_puerto_de_punta_del,Ministerio de Vivienda Ordenamiento Territorial y Medio Ambiente
Cantidad de importaciones de bebidas energizantes,2014-07-27 18:35:25.890467,esperando_respuesta,cantidad_de_importaciones_de_beb,Dirección Nacional de Aduanas
Solicitud de información de Asistentes Sociales y/o Lic. en Trabajo Social,2014-07-06 02:25:06.78707,esperando_respuesta,solicitud_de_informacin_de_asist_9,Servicio de Retiros y Pensiones de las Fuerzas Armadas
Cobertura Plan CAIF,2016-02-07 15:27:54.942056,esperando_respuesta,cobertura_plan_caif,Instituto Nacional del Nino y el Adolescente del Uruguay
Còmo sacar un coche abandonado de mi puerta?,2012-10-11 12:30:51.124032,parcialmente_exitoso,cmo_sacar_un_coche_abandonado_de,Intendencia de Montevideo
Cuantos habitantes tiene cada capital departamental en 2012,2012-10-11 14:51:06.885575,exitoso,cuantos_habitantes_tiene_cada_ca,Instituto Nacional de Estadistica
Denuncias por discriminación,2012-10-11 14:28:50.430953,revision_interna,denuncias_por_discriminacin,Ministerio de Trabajo y Seguridad Social
Cuantos habitantes tienen las segundas ciudades departamentales a 2012,2012-10-11 14:53:02.485231,exitoso,cuantos_habitantes_tienen_las_se,Instituto Nacional de Estadistica
Cuantos habitantes tienen las segundas ciudades departamentales a 2012,2012-10-11 15:06:56.144778,exitoso,cuantos_habitantes_tienen_las_se_2,Instituto Nacional de Estadistica
Jefatura de Policía de Salto,2012-10-07 02:49:45.863651,revision_interna,jefatura_de_polica_de_salto,Dirección General de Secretaría del Ministerio del Interior
Un organigrama del ministerio y todas sus ramas,2012-10-06 20:24:31.603205,exitoso,un_organigrama_del_ministerio_y,Ministerio de Defensa
Contrato a termino y embarazo,2012-10-08 20:01:12.203051,revision_interna,contrato_a_termino_y_embarazo,Ministerio de Trabajo y Seguridad Social
Quién se encarga del mantenimiento del Anillo Perimetral?,2012-10-08 00:48:18.878459,rechazado,quin_se_encarga_del_mantenimient,Ministerio de Transporte y Obras Públicas
Jubilados porque subio la cuota del Fonasa,2012-10-06 21:26:48.773357,revision_interna,jubilados_porque_subio_la_cuota,Dirección General de Presidencia de la República
"estadistica de la poblacion carcelaria deSalto, cantidadde fucnioanrios policiales en actividad en el centro de rehabilitacion de Salto, registro de funcionarios con licncia medica en el mismo centro.",2012-10-07 23:58:47.462046,rechazado,estadistica_de_la_poblacion_carc,Dirección General de Secretaría del Ministerio del Interior
Decreto Nº 406/988,2012-10-07 22:47:12.522923,revision_interna,decreto_n_406988,Dirección General de Secretaría del Ministerio de Salud Pública
Pedido de cuentas en la pista oficial de atletismo y Confederacion atletica,2012-10-11 17:30:54.580513,revision_interna,pedido_de_cuentas_en_la_pista_of,Ministerio de Turismo y Deporte
Lugar para descartar la batería vieja del auto.,2012-10-08 12:10:40.236278,exitoso,lugar_para_descartar_la_batera_v,Intendencia de Montevideo
Proyecto en puerto de Punta del Este,2012-10-07 23:41:22.089808,rechazado,proyecto_en_puerto_de_punta_del,Dirección Nacional de Hidrografía
Dinama - cateo de suelo y agua por mercurio en las inmediaciones de Efice en San José,2012-10-07 00:02:48.104734,rechazado,dinama_cateo_de_suelo_y_agua_por,Ministerio de Vivienda Ordenamiento Territorial y Medio Ambiente
Denuncias relacionadas a la Ley de Acceso a la Información Pública,2012-10-09 14:35:19.072578,exitoso,denuncias_relacionadas_a_la_ley,Unidad de Acceso a la Información Pública
Cantidad de inscripciones en los años 2009-2010-2011-2012,2012-10-06 20:56:55.14392,rechazado,cantidad_de_inscripciones_en_los_3,Ministerio  Defensa Nacional Ejercito
Detalle de deudores de la categoría Grandes consumidores y valores adeudados,2012-10-09 17:00:27.783994,rechazado,detalle_de_deudores_de_la_catego,Administración Nacional de Usinas y Trasmisiones Eléctricas
Regulación Cigarrillo Electronico,2012-10-14 00:44:03.298352,esperando_respuesta,regulacin_cigarrillo_electronico,Dirección General de Secretaría del Ministerio de Salud Pública
Presupuesto y gastos de la Cámara de Senadores del Poder Legislativo,2012-10-12 17:41:18.714457,esperando_respuesta,presupuesto_y_gastos_de_la_cmara,Cámara de Senadores
Texto del proyecto de ley de despenalización del aborto aprobado el 25/sep,2012-10-17 14:00:13.361332,esperando_respuesta,texto_del_proyecto_de_ley_de_des,Camara de Diputados
"información sobre los emprendimientos industriales: Cemento Artigas y Planta de Cemento ANCAP, de la ciudad de Minas",2012-10-23 14:23:57.99525,revision_interna,informacin_sobre_los_emprendimie,Ministerio de Vivienda Ordenamiento Territorial y Medio Ambiente
Proyecto de exploración minera de Triselco S.A. en el departamento de San José,2012-10-17 22:59:28.217254,esperando_respuesta,proyecto_de_exploracin_minera_de,Ministerio de Vivienda Ordenamiento Territorial y Medio Ambiente
Sanciones Pecuniarias Policiales,2012-10-22 03:01:52.6623,no_retenido,sanciones_pecuniarias_policiales,Contaduría General de la Nación
Registro de accidentes en METZEN Y SENA,2012-10-19 13:49:25.906755,rechazado,registro_de_accidentes_en_metzen,Ministerio de Trabajo y Seguridad Social
Pedido de cuentas en la pista oficial de atletismo,2012-10-11 17:30:59.097086,revision_interna,pedido_de_cuentas_en_la_pista_of_2,Intendencia de Montevideo
Cantidad de enfermos de cáncer en Lavalleja,2012-10-23 16:04:30.290069,esperando_respuesta,cantidad_de_enfermos_de_cncer_en,Dirección General de Secretaría del Ministerio de Salud Pública
Desarrollo del Atletismo en Uruguay,2012-10-12 13:11:12.875701,esperando_respuesta,desarrollo_del_atletismo_en_urug,Ministerio de Turismo y Deporte
urGENTE,2012-10-23 20:28:56.143883,esperando_respuesta,urgente_2,Ministerio de Trabajo y Seguridad Social
Asistencia de Concejales a las reuniones del Concejo del Municipio de Las Piedras,2012-10-23 17:03:27.461379,exitoso,asistencia_de_concejales_a_las_r,Intendencia Departamental de Canelones
Monto de recaudación por concepto de sanciones pecuniarias a policías,2012-10-22 02:43:12.655635,esperando_respuesta,monto_de_recaudacin_por_concepto,Dirección General de Secretaría del Ministerio del Interior
Solicitud de proyecto del Nuevo Estatuto del Funcionario Público.,2012-10-17 03:37:00.309429,exitoso,solicitud_de_proyecto_del_nuevo,Dirección General de Presidencia de la República
Solicita Informacion sobre Obra,2012-10-10 18:07:07.163842,rechazado,solicita_informacion_sobre_obra,Intendencia de Montevideo
Art. 277 de la Ley N° 18.834,2012-10-28 22:13:18.97716,exitoso,art_277_de_la_ley_n_18834,Dirección Nacional de Aduanas
Cantidad de residenciales (casas de salud) de ancianos habilitados en Montevideo,2012-10-30 20:17:32.647272,esperando_respuesta,cantidad_de_residenciales_casas,Dirección General de Secretaría del Ministerio de Salud Pública
Solicito información relativa al Puerto La Paloma,2012-10-30 21:49:03.931634,esperando_respuesta,solicito_informacin_relativa_al,Ministerio de Transporte y Obras Públicas
Paramétrica para cálculo de costo de combustibles,2012-10-14 11:44:35.46429,exitoso,paramtrica_para_clculo_de_costo,ANCAP
Llamado para integrar Agencia de Compras y Contrataciones Estatales,2012-10-17 03:51:35.497145,waiting_clarification,llamado_para_integrar_agencia_de,Oficina de Planeamiento y Presupuesto
"Proyectos de ley acerca de los derechos en el embarazo, parto y lactancia",2012-10-18 14:39:15.690368,revision_interna,proyectos_de_ley_acerca_de_los_d,Cámara de Senadores
Drecreto para la devolución de impuesto municipal sobre venta de semovientes.,2012-10-13 13:05:07.589048,exitoso,drecreto_para_la_devolucin_de_im,Ministerio de Economia y Finanzas
Cuantos habitantes tienen las capitales departamentales en 2012,2012-10-29 15:21:03.875749,exitoso,cuantos_habitantes_tienen_las_ca_2,Instituto Nacional de Estadistica
Cuantos habitantes tienen las capitales departamentales en 2011,2012-10-29 15:21:59.745638,exitoso,cuantos_habitantes_tienen_las_ca_3,Instituto Nacional de Estadistica
Estudios de costo sobre costo de fertilizacion asistida,2012-10-11 18:58:34.093962,esperando_respuesta,estudios_de_costo_sobre_costo_de,Dirección General de Secretaría del Ministerio de Salud Pública
"datos,planos y fracionamiento de Cuchilla Alta",2012-10-11 21:26:54.052005,esperando_respuesta,datosplanos_y_fracionamiento_de,Dirección Nacional de Catastro
Cuantos habitantes tiene cada ccz en Montevideo al año 2012,2012-10-29 15:24:29.331364,exitoso,cuantos_habitantes_tiene_cada_cc,Instituto Nacional de Estadistica
Cantidad de Residentes uruguayos en el exterior discriminado por país,2012-10-31 16:16:45.099308,revision_interna,cantidad_de_residentes_uruguayos,Ministerio de Relaciones Exteiores
Estadísticas de mortalidad materna y abortos realizados en el Uruguay en los últimos 10 años,2012-10-17 22:41:58.273041,revision_interna,estadsticas_de_mortalidad_matern,Dirección General de Secretaría del Ministerio de Salud Pública
Estado jurídico de los Contratados al amparo del Art. 410 en ASSE.,2012-10-17 04:09:26.381441,rechazado,estado_jurdico_de_los_contratado,Oficina Nacional del Servicio Civil
Presupuesto y balance del Poder Legislativo,2012-10-12 17:45:13.429336,esperando_respuesta,presupuesto_y_balance_del_poder,Comision Administradora del Poder Legislativo
"Situación legal de la Isla Sola, frente a Carmelo",2012-10-17 13:50:14.1506,no_retenido,situacin_legal_de_la_isla_sola_f,Dirección Nacional de Hidrografía
Obligación de los órganos de brindar información y sus posibles sanciones.,2012-10-16 02:53:22.461289,exitoso,obligacin_de_los_rganos_de_brind,Unidad de Acceso a la Información Pública
Estado Obras CANAL ANDREONI,2012-11-05 15:16:40.929556,esperando_respuesta,estado_obras_canal_andreoni,Dirección Nacional de Hidrografía
"En los años comprendidos entre 1985 a 1989, los cargos de los funcionarios eran heredables si fallecian por la vuida/o o hijas/os. O sea un familiar directo",2012-11-08 14:01:55.949777,esperando_respuesta,en_los_aos_comprendidos_entre_19,Junta Departamental de Montevideo
Costo Publicidades Ancap,2012-11-09 18:15:54.507076,esperando_respuesta,costo_publicidades_ancap,ANCAP
Cantidad de siniestros carreteros en Soriano,2012-12-18 19:32:40.773964,revision_interna,cantidad_de_siniestros_carretero,Dirección General de Secretaría del Ministerio del Interior
"Cantidad de funcionarios con que cuenta la oficina de la R.A.P. en Florida, nombres, modalidad de ingreso, cargos que ocupan y salario que perciben",2012-10-10 22:48:19.75391,revision_interna,cantidad_de_funcionarios_con_que,Dirección General de Secretaría del Ministerio de Salud Pública
Acceso al archivo fotográfico,2012-12-05 17:47:44.986775,esperando_respuesta,acceso_al_archivo_fotogrfico,Comision Administradora del Poder Legislativo
"Precio pagado por ancap en las compras de petroleo crudo, en los ultimos 2 años, y las causales que determinaron el cambio del barril de referencia del west texas al brent",2012-11-13 12:17:40.282767,esperando_respuesta,precio_pagado_por_ancap_en_las_c,"Dirección General de Secretaría del Ministerio De Industria, Energía y Minería"
"Leyes de la última década, con beneficios para el sector agropecuario",2012-12-05 17:39:05.710378,revision_interna,leyes_de_la_ltima_dcada_con_bene,Cámara de Senadores
Derecho del consumidor.,2012-11-28 20:26:42.814544,esperando_respuesta,derecho_del_consumidor,Defensa del Consumidor
Cantidad de denuncias por violencia doméstica recibidas en lo que va del mes de noviembre.,2012-11-28 20:30:40.494615,esperando_respuesta,cantidad_de_denuncias_por_violen,Dirección General de Secretaría del Ministerio del Interior
Pedido de Partes Policiales,2012-11-02 10:46:17.50639,revision_interna,pedido_de_partes_policiales,Dirección General de Secretaría del Ministerio del Interior
Planes deportivos para adultos mayores,2012-12-12 10:33:40.171431,esperando_respuesta,planes_deportivos_para_adultos_m,Ministerio de Turismo y Deporte
control de calidad de los cuerpos de agua y vertidos o efluentes líquidos en Arroyo de las Vacas,2012-11-11 04:57:06.023568,esperando_respuesta,control_de_calidad_de_los_cuerpo,Ministerio de Vivienda Ordenamiento Territorial y Medio Ambiente
Decretos y resoluciones con beneficios para el sector agropecuario,2012-12-05 17:41:09.667247,exitoso,decretos_y_resoluciones_con_bene,Dirección General de Presidencia de la República
Pedido de información relativo a el aborto: tasas y presupuesto,2012-11-01 04:07:01.185646,esperando_respuesta,pedido_de_informacin_relativo_a,Dirección General de Secretaría del Ministerio de Salud Pública
Acceso a expediente donde se registraron las deliberaciones para el premio a la Transparencia,2012-12-06 14:51:16.343558,exitoso,acceso_a_expediente_donde_se_reg,Agencia para el Gobierno Electronico y la Sociedad de la Informacion
Quién cubre los gastos de los edificios declarados patrimonio,2012-12-12 10:29:42.931699,revision_interna,quin_cubre_los_gastos_de_los_edi,Ministerio de Educación y Cultura
"Llamado a Expresión de interés para el desmontaje, traslado, montaje y restauración de tres maquetas del Edificio Palacio Legislativo. Resultados del llamado, diferentes proyectos y sus valores.",2012-11-02 20:38:28.410993,esperando_respuesta,llamado_a_expresin_de_inters_par,Comision Administradora del Poder Legislativo
Datos discretos sobre delitos 2011-2012 en Montevideo y Maldonado,2012-11-20 18:18:20.495841,revision_interna,datos_discretos_sobre_delitos_20_2,Dirección General de Secretaría del Ministerio del Interior
Número de denuncias registradas en 2011 con respecto a las emisiones radiales y/o musicales en el transporte público,2012-11-02 21:30:57.220172,exitoso,nmero_de_denuncias_registradas_e,Intendencia de Montevideo
Estadisticas proyectos de ley propuestos,2012-11-30 19:20:10.439478,esperando_respuesta,estadisticas_proyectos_de_ley_pr,Cámara de Senadores
Ampliacion de la informacion aportada en expediente 243.138,2012-11-03 03:58:19.961962,exitoso,ampliacion_de_la_informacion_apo,ANCAP
Informe anual sobre el cumplimiento del derecho de acceso a la información pública,2012-11-22 22:08:48.641032,exitoso,informe_anual_sobre_el_cumplimie,Unidad de Acceso a la Información Pública
Ciudad de Las Piedras,2012-12-07 15:03:37.902619,exitoso,ciudad_de_las_piedras,Instituto Nacional de Estadistica
Costo Publicidades Ancap,2012-11-09 18:18:35.572687,exitoso,costo_publicidades_ancap_2,ANCAP
Cantidad de delitos cometidos en Soriano en 2012,2012-12-26 10:40:24.862626,revision_interna,cantidad_de_delitos_cometidos_en,Dirección General de Secretaría del Ministerio del Interior
Datos discretos sobre delitos 2011-2012 en Montevideo y Maldonado,2012-11-20 18:13:33.72252,revision_interna,datos_discretos_sobre_delitos_20,Dirección General de Secretaría del Ministerio del Interior
Plan de obras proyectada para Ruta 3,2012-11-05 18:12:05.930379,esperando_respuesta,plan_de_obras_proyectada_para_ru,Ministerio de Transporte y Obras Públicas
Plan de obras proyectadas y en ejecución para Ruta 4,2012-11-05 18:15:07.435889,esperando_respuesta,plan_de_obras_proyectadas_y_en_e,Ministerio de Transporte y Obras Públicas
Propiedad y/o jurisdicción de la Isla Sola,2013-03-06 02:04:36.331168,por_correo,propiedad_yo_jurisdiccin_de_la_i,Dirección Nacional de Catastro
Registro de Terreno en Maldonado - Playa Grande,2013-04-04 15:42:59.35836,revision_interna,registro_de_terreno_en_maldonado,Dirección Nacional de Catastro
El Registro Civil puede recibir certificados de defunción sin causal explícita o codificadade muerte y aceptarlos?,2012-10-05 02:55:27.037618,rechazado,el_registro_civil_puede_recibir,Ministerio de Educación y Cultura
Nómina de Gerentes  de Empresas públicas y sociedades anónimas con capital estatal.,2012-12-26 17:25:53.836225,no_retenido,nmina_de_gerentes_de_empresas_pb,Oficina Nacional del Servicio Civil
Misiones oficiales,2013-03-11 23:11:25.593301,por_correo,misiones_oficiales_5,Ministerio de Trabajo y Seguridad Social
Trinidad y carmelo informe de población.,2013-02-27 14:47:27.684819,rechazado,trinidad_y_carmelo_informe_de_po,Instituto Nacional de Estadistica
Estadistica de casamientos según edades,2012-10-04 00:43:30.942858,no_retenido,estadistica_de_casamientos_segn,Oficina Nacional del Servicio Civil
Solicitud de información de Asistentes Sociales y/o Lic. en Trabajo Social,2014-07-07 20:38:31.191509,exitoso,solicitud_de_informacin_de_asist_12,Dirección General de Presidencia de la República
solicitud de norma legal por la cual CAMOC de Carmelo - N.Palmira no permite poner causal de fallecimiento en los certificados de defunción que expide.,2012-10-05 02:42:36.709724,esperando_respuesta,solicitud_de_norma_legal_por_la,Dirección General de Secretaría del Ministerio de Salud Pública
Misiones oficiales,2013-03-11 23:09:21.011394,terminado_por_usuario,misiones_oficiales_3,Ministerio de Turismo y Deporte
Misiones oficiales de autoridades,2013-03-11 23:05:38.388149,exitoso,misiones_oficiales_de_autoridade,Ministerio de Defensa
Copia del expediente de trámite jubilatorio número 29/057/3/161/2010/0/0,2013-02-09 14:50:38.550835,rechazado,copia_del_expediente_de_trmite_j,Dirección General de Secretaría del Ministerio de Salud Pública
RUTA 30,2013-01-15 14:06:21.001153,no_retenido,ruta_30,Ministerio de Transporte y Obras Públicas
Expediente 2013-81-1010-01128,2013-11-18 13:34:40.48662,revision_interna,expediente_2013_81_1010_01128,Intendencia Departamental de Canelones
Norma que ampara el no ingreso de productos de salud comprados en internet,2013-03-13 17:53:10.474525,rechazado,norma_que_ampara_el_no_ingreso_d,Dirección General de Secretaría del Ministerio de Salud Pública
Ubicación de cámaras de transito,2012-11-27 10:40:29.787453,rechazado,ubicacin_de_cmaras_de_transito,Intendencia de Montevideo
Adscriptos contratdos de acuerdo al artículo 58 de la ley 18719,2013-04-03 14:41:34.664401,rechazado,adscriptos_contratdos_de_acuerdo,Ministerio de Educación y Cultura
Expediente N° 2012-81-1140-00141,2013-11-18 13:50:19.597712,esperando_respuesta,expediente_n_2012_81_1140_00141,Intendencia Departamental de Canelones
Instructivo de utilización de caravanas verdes en SNIG,2012-10-03 23:48:00.023974,esperando_respuesta,instructivo_de_utilizacin_de_car,Ministerio de Ganaderia Agricultura y Pesca
Período de inscripción en el listado de peritos judiciales.,2012-10-03 23:55:37.738919,esperando_respuesta,perodo_de_inscripcin_en_el_lista,Suprema Corte de Justicia
Estadisticas de lesionados con perdida de conocimiento en uruguay,2015-06-30 01:28:05.777916,esperando_respuesta,estadisticas_de_lesionados_con_p,Unidad Nacional de Seguridad Vial
Contrato entre Pluna y Leadgate. Remuneraciones a Ficus Capital y CPA Ferrere por asesoramiento.,2013-01-16 11:24:51.926803,por_correo,contrato_entre_pluna_y_leadgate,Pluna Ente Autonomo
"Ley, decreto o estatuto aplicado...",2013-01-31 21:44:48.820231,revision_interna,ley_decreto_o_estatuto_aplicado,Administración Nacional de Educación Pública - Contacto General
Contribucion inmobiliaria,2013-01-29 14:54:43.211838,parcialmente_exitoso,contribucion_inmobiliaria,Intendencia de Montevideo
Misiones oficiales,2013-03-13 10:17:14.346408,exitoso,misiones_oficiales_8,"Dirección General de Secretaría del Ministerio De Industria, Energía y Minería"
Misiones oficiales,2013-03-11 23:10:10.148052,exitoso,misiones_oficiales_4,Ministerio de Transporte y Obras Públicas
Precio de exportación cercano a $10 y de venta local $37,2013-01-17 10:58:58.242253,exitoso,precio_de_exportacin_cercano_a_1,ANCAP
Listado de todas las balanzas públicas autorizadas por el LATU en el Uruguay para pesaje de camiones.,2012-10-16 12:39:02.325216,esperando_respuesta,listado_de_todas_las_balanzas_pb,Ministerio de Transporte y Obras Públicas
Balance y Gastos de la cámara de Diputados,2012-10-12 17:42:25.254653,esperando_respuesta,balance_y_gastos_de_la_cmara_de,Camara de Diputados
Curriculums de los senadores y ausencias al Parlamento desde 2010,2013-04-29 18:45:46.278438,exitoso,curriculums_de_los_senadores_y_a,Cámara de Senadores
Acceso a los informes y gastos de la utilización del Georadar,2013-04-29 22:27:03.787023,exitoso,acceso_a_los_informes_y_gastos_d,Intendencia de Montevideo
"Destino de los residuos en contenedores especiales (vidrio, metal, plástico, pilas y contenedores naranjas)",2013-02-12 02:09:08.405392,exitoso,destino_de_los_residuos_en_conte,Intendencia de Montevideo
Solicitud información ampliación Puerto La Paloma,2012-10-30 21:50:08.550573,esperando_respuesta,solicitud_informacin_ampliacin_p,Ministerio de Turismo y Deporte
Actividades de exploración de hidrocarburos de Schuepbach Energy Uruguay SRL..,2012-11-02 02:42:51.488233,esperando_respuesta,actividades_de_exploracin_de_hid,Ministerio de Vivienda Ordenamiento Territorial y Medio Ambiente
Actividades de exploración de hidrocarburos de YPF en la Cuenca Norte.,2012-11-02 02:51:48.840184,esperando_respuesta,actividades_de_exploracin_de_hid_2,Ministerio de Vivienda Ordenamiento Territorial y Medio Ambiente
Plan de obras proyectadas y en ejecución para Ruta 31,2012-11-05 18:16:58.25002,esperando_respuesta,plan_de_obras_proyectadas_y_en_e_2,Ministerio de Transporte y Obras Públicas
Cantidad de inscripciones en los años 2009-2010-2011-2012,2012-10-06 20:56:46.022234,rechazado,cantidad_de_inscripciones_en_los,Comando General de la Fuerza Aérea
Resoluciones y observaciones sobre honorarios pagados por el Estado Uruguayo.,2013-02-23 17:57:50.435021,rechazado,resoluciones_y_observaciones_sob,Tribunal de Cuentas
Información sobre uso de agroquímicos a orillas de ríos y cauces.,2013-03-08 14:31:21.745971,rechazado,informacin_sobre_uso_de_agroqumi,Ministerio de Vivienda Ordenamiento Territorial y Medio Ambiente
Solicitud de información de Asistentes Sociales y/o Lic. en Trabajo Social,2014-07-07 20:49:28.402293,esperando_respuesta,solicitud_de_informacin_de_asist_14,Dirección Nacional de Telecomunicaciones y Servicios de  Comunicación Audiovisual
Estadísticas siniestralidad salida de estacionamientos y fundamentos alarmas sonoras,2015-05-17 18:46:50.81916,parcialmente_exitoso,estadisticas_siniestralidad_sali,Intendencia de Montevideo
Costos de construcción Antel Arena,2015-07-06 14:01:13.148683,rechazado,costos_de_construccion_antel_are,ANTEL
Listado de empresas multinacionales que tengan contrato con el Estado uruguayo,2015-08-24 18:57:19.343103,esperando_respuesta,listado_de_empresas_multinaciona,Dirección General de Secretaría del Ministerio de Desarrollo Social
Listado de empresas multinacionales que tengan contrato con el Estado uruguayo,2015-08-24 19:08:29.206768,por_correo,listado_de_empresas_multinaciona_4,Ministerio de Ganaderia Agricultura y Pesca
Informações sobre a consolidação da submissão das 350 milhas náuticas da Plataforma Continental Uruguaia.,2015-06-23 20:34:51.56724,esperando_respuesta,informacoes_sobre_a_consolidacao,Ministerio de Defensa
Nómina de integrantes del equipo de gobierno 2015-2020,2015-08-03 18:09:25.257054,esperando_respuesta,nomina_de_integrantes_del_equipo,Intendencia Departamental de Canelones
Tramites online,2016-02-07 15:21:53.602208,terminado_por_usuario,tramites_online,Agencia para el Gobierno Electronico y la Sociedad de la Informacion
Estadística de casamientos según edades,2012-10-04 18:12:50.105599,revision_interna,estadstica_de_casamientos_segn_e,Ministerio de Educación y Cultura
Monto pagado a trabajadores de Metzen y Sena por Seguro por Desempleo período diciembre 2009 setiembre 2012,2012-10-06 16:46:32.669281,rechazado,monto_pagado_a_trabajadores_de_m,Ministerio de Trabajo y Seguridad Social
Cantidad de Muertes en el Fútbol Uruguayo desde 2000 a 2013,2013-04-12 15:38:36.343472,esperando_respuesta,cantidad_de_muertes_en_el_ftbol,Dirección General de Secretaría del Ministerio del Interior
Curriculums de los diputados y ausencias al Parlamento desde 2010,2013-04-29 18:55:34.239985,esperando_respuesta,curriculums_de_los_diputados_y_a,Camara de Diputados
Partidas para ediles. Resoluciones observadas.,2013-04-24 17:38:24.827245,exitoso,partidas_para_ediles_resolucione,Junta Departamental de Montevideo
Fechas de las licencias de cada uno de los Senadores,2013-04-26 18:43:51.774789,exitoso,fechas_de_las_licencias_de_cada,Cámara de Senadores
Datos sobre museos bajo vuestra órbita,2012-10-04 15:54:17.016975,revision_interna,datos_sobre_museos_bajo_vuestra,Ministerio de Educación y Cultura
Equipos que inyectan ruidos a la red electrica,2012-10-04 00:52:54.744324,revision_interna,equipos_que_inyectan_ruidos_a_la,Unidad Reguladora de Servicios de Comunicaciones
Cantidad de muertes que hubo en Uruguay relacionadas al fútbol en el periodo entre 2000 y 2013,2013-04-12 15:40:56.316783,esperando_respuesta,cantidad_de_muertes_que_hubo_en,Dirección General de Secretaría del Ministerio del Interior
Misiones oficiales,2013-03-11 23:01:21.853385,terminado_por_usuario,misiones_oficiales,Dirección General de Presidencia de la República
Anàlisis realizados en Rio Santa Lucìa,2013-04-26 21:07:21.967027,exitoso,anlisis_realizados_en_rio_santa,Administración de las Obras Sanitarias del Estado
Solicitud de información de Asistentes Sociales y/o Lic. en Trabajo Social,2014-07-07 20:54:39.389788,exitoso,solicitud_de_informacin_de_asist_15,Fondo Nacional de Recursos
Cantidad de inscripciones en los años 2009-2010-2011-2012,2012-10-06 20:56:50.707552,rechazado,cantidad_de_inscripciones_en_los_2,Comando General de la Armada
planos del Forte di Makale,2013-05-02 02:48:37.561294,no_retenido,planos_del_forte_di_makale,Dirección Nacional de Topografía
Misiones oficiales,2013-03-13 10:13:56.656056,por_correo,misiones_oficiales_6,Ministerio de Relaciones Exteiores
Misiones oficiales,2013-03-13 10:18:41.574078,terminado_por_usuario,misiones_oficiales_9,Ministerio de Ganaderia Agricultura y Pesca
Misiones oficiales,2013-03-13 10:15:40.542464,terminado_por_usuario,misiones_oficiales_7,Ministerio de Economia y Finanzas
Monto a pagar por concepto de patente de rodados 2013 de un auto Suzuki Alto K10 cero kilómetro.,2013-01-14 13:32:04.213063,no_retenido,monto_a_pagar_por_concepto_de_pa,Intendencia de Montevideo
"Numero de oficiales de transito, su presupuesto y el ingreso por multas.",2013-04-29 19:29:55.884156,por_correo,numero_de_oficiales_de_transito,Intendencia de Montevideo
Informe sobre gastos en seguridad efectuados en la residencia del presidente,2013-04-22 15:36:19.509719,rechazado,informe_sobre_gastos_en_segurida,Dirección General de Presidencia de la República
"Número de casos de intoxicación por agrotóxicos en los años 2010, 2011 y 2012",2013-04-29 21:42:53.693226,rechazado,nmero_de_casos_de_intoxicacin_po,Dirección General de Secretaría del Ministerio de Salud Pública
Informe de todas las denuncias de acoso sexual hacia los funcionarios del organismo del INAU entre el 2007 y 2013,2013-05-02 15:43:12.941623,rechazado,informe_de_todas_las_denuncias_d,Instituto Nacional del Nino y el Adolescente del Uruguay
Empadronamientos registrados por SUCIVE,2013-09-17 15:56:30.403067,revision_interna,empadronamientos_registrados_por,Oficina de Planeamiento y Presupuesto
Sociedades anónima con capital de antel,2013-12-15 11:28:39.534203,esperando_respuesta,sociedades_annima_con_capital_de,ANTEL
Como pagar por internet los distintos tributos,2013-06-24 21:31:00.385953,por_correo,como_pagar_por_internet_los_dist,Intendencia de Montevideo
Sociedades anónimas con participación de capital de UTE,2013-12-15 11:26:10.042733,rechazado,sociedades_annimas_con_participa,Administración Nacional de Usinas y Trasmisiones Eléctricas
Contratación de personal 2014/2015,2015-05-18 21:29:23.520293,esperando_respuesta,contratacion_de_personal_2014201,Ministerio de Relaciones Exteriores
Indicadores del Observatorio Nacional en Género y Políticas de Salud Sexual y Reproductiva,2016-02-07 15:15:06.361244,esperando_respuesta,indicadores_del_observatorio_nac,Dirección General de Secretaría del Ministerio de Salud Pública
Matriculua educación rural,2016-02-07 15:17:41.635377,esperando_respuesta,matriculua_educacion_rural,Administración Nacional de Educación Pública - Contacto General
Publicaciones de Investigaciones,2016-02-07 15:25:44.528087,esperando_respuesta,publicaciones_de_investigaciones,Agencia Nacional de Investigación e Innovación
Consulta sobre titulares de accciones de sociedades anonimas,2016-01-08 14:00:43.090352,por_correo,consulta_sobre_titulares_de_accc,Banco Central del Uruguay
Información sobre Asistentes Sociales,2014-05-31 21:10:46.514823,no_retenido,informacion_sobre_asistentes_soc,Direccion Nacional de Sanidad  de las  Fuerzas Armadas
Solicitud de información de Asistentes Sociales y/o Lic. en Trabajo Social,2014-07-07 21:13:40.852735,exitoso,solicitud_de_informacin_de_asist_17,Unidad Nacional de Seguridad Vial
Misiones oficiales,2013-03-11 23:08:03.321911,parcialmente_exitoso,misiones_oficiales_2,Ministerio de Vivienda Ordenamiento Territorial y Medio Ambiente
listado de empresas nacionales e internacionales que tengan contrato con esta Administración,2016-02-01 18:30:10.02492,waiting_clarification,listado_de_empresas_nacionales_e,Administración Nacional de Usinas y Trasmisiones Eléctricas
Programa Aduana y las metas asistenciales,2016-02-07 15:30:24.412016,esperando_respuesta,programa_aduana_y_las_metas_asis,Dirección General de Secretaría del Ministerio de Salud Pública
"Universidades de la República con estudiantes no videntes, y cantidad de libros en braille que posee la Biblioteca Nacional.",2013-10-03 21:44:58.107478,rechazado,universidades_de_la_repblica_con,Ministerio de Educación y Cultura
Propuestas de presupuesto participativo para el ciclo 2013,2013-10-23 13:59:58.943066,unsatisfactory_response,propuestas_de_presupuesto_partic,Intendencia de Montevideo
Cantidad de Motos empadronadas en Maldonado desde 2010 a la Fecha,2013-12-02 19:15:13.167734,esperando_respuesta,cantidad_de_motos_empadronadas_e_3,Intendencia de Maldonado
Información sobre selección de proveedores para aplicación mobile.,2014-01-16 03:26:14.845781,exitoso,informacin_sobre_seleccin_de_pro,Ministerio de Turismo y Deporte
Expediente N° 2012-81-1010-01379,2013-11-18 13:46:49.536086,revision_interna,expediente_n_2012_81_1010_01379,Intendencia Departamental de Canelones
"Expediente N° 2013-81-1010-01116, venta padrón 2366 de Santa Lucía",2013-11-18 13:44:42.905944,revision_interna,expediente_n_2013_81_1010_01116,Intendencia Departamental de Canelones
Estado ejecución de llamado licitación publica 8/2013,2013-11-29 15:43:01.085903,rechazado,estado_ejecucin_de_llamado_licit,Ministerio de Transporte y Obras Públicas
canal Andreoni,2013-11-27 19:29:39.110212,revision_interna,canal_andreoni,Dirección Nacional de Hidrografía
Informe de todos los organismos públicos del departamento de Montevideo que regulen la accesibilidad de personas discapacitadas en sillas de ruedas.,2013-10-24 12:27:27.468742,por_correo,informe_de_todos_los_organismos,Intendencia de Montevideo
Sociedades Anónimas con capital de la Empresa,2013-12-15 11:22:42.006879,exitoso,sociedades_annimas_con_capital_d,ANCAP
Envieme acceso al Listado de Marcas y Señales,2013-11-12 20:27:12.320074,no_retenido,envieme_acceso_al_listado_de_mar,Direccion Contralor de Semovientes
Cantidad de armas robadas a la Policía y policías jubilados y egresados en 2013,2014-01-15 17:18:06.532546,esperando_respuesta,cantidad_de_armas_robadas_a_la_p,Dirección General de Secretaría del Ministerio del Interior
Programa de historia impartidos en Secundaria,2016-02-07 15:36:36.943201,esperando_respuesta,programa_de_historia_impartidos,Administración Nacional de Educación Pública - Contacto General
Consulta sobre investigación,2014-05-19 22:54:37.749642,parcialmente_exitoso,consulta_sobre_investigacin,Banco Central del Uruguay
Solicitud de información de Asistentes Sociales y/o Lic. en Trabajo Social.,2014-05-31 21:23:03.140356,revision_interna,solicitud_de_informacin_de_asist_2,Dirección General de Secretaría del Ministerio del Interior
Parametrica calculo costos de combustibles,2015-10-24 03:16:44.191872,unsatisfactory_response,parametrica_calculo_costos_de_co,ANCAP
Autoridades 1979,2015-10-20 19:00:01.790457,esperando_respuesta,autoridades_1979,Banco de Previsión Social
Ubicación cabinas telefónicas,2015-10-07 12:36:00.642156,exitoso,ubicacion_cabinas_telefonicas,ANTEL
Solicitud de información de Asistentes Sociales y/o Lic. en Trabajo Social,2014-07-06 02:41:24.024116,exitoso,solicitud_de_informacion_de_asis,Intendencia de Montevideo
Organismos denunciados por falta de cumplimiento con la ley 18.381,2015-10-27 15:27:01.982052,waiting_clarification,organismos_denunciados_por_falta,Unidad de Acceso a la Información Pública
Ubicación de apiarios registrados en Uruguay,2015-10-30 15:22:44.746344,por_correo,ubicacion_de_apiarios_registrado,Ministerio de Ganaderia Agricultura y Pesca
Programa Compromiso Educativo,2016-02-07 15:38:58.332315,esperando_respuesta,programa_compromiso_educativo,Administración Nacional de Educación Pública - Contacto General
Listado de empresas multinacionales que tengan contrato con el Estado uruguayo,2015-08-26 13:55:12.823142,por_correo,listado_de_empresas_multinaciona_11,Ministerio de Trabajo y Seguridad Social
Listado de empresas multinacionales que tengan contrato con el Estado uruguayo,2015-08-26 13:52:47.422964,esperando_respuesta,listado_de_empresas_multinaciona_10,Dirección General de Secretaría del Ministerio de Salud Pública
Listado de empresas multinacionales que tengan contrato con el Estado uruguayo,2015-08-26 13:50:12.026693,esperando_respuesta,listado_de_empresas_multinaciona_9,Ministerio de Turismo y Deporte
Reglamentacion y fiscalizaxion de propaganda en arboles publicos,2013-02-22 22:40:24.325489,exitoso,reglamentacion_y_fiscalizaxion_d,Intendencia de Montevideo
Memorándum de entendimiento entre Intendencia de Canelones y ANCAP,2013-11-18 13:29:03.928951,revision_interna,memorndum_de_entendimiento_entre,Intendencia Departamental de Canelones
"Convenio entre Intendencia de Canelones, ANCAP y DUCSA",2013-11-18 13:24:01.040989,revision_interna,convenio_entre_intendencia_de_ca,Intendencia Departamental de Canelones
Informes notariales sobre venta del padrón 2366 de Santa Lucía,2013-11-18 14:19:42.487325,revision_interna,informes_notariales_sobre_venta,Intendencia Departamental de Canelones
Informes jurídicos sobre venta del padrón 2366 de Santa Lucía:,2013-11-18 14:22:35.524119,revision_interna,informes_jurdicos_sobre_venta_de,Intendencia Departamental de Canelones
Documento por el cual la Intendencia adquirió el padrón N° 3232 de Ciudad de la Costa,2013-11-18 14:14:05.086637,revision_interna,documento_por_el_cual_la_intende_2,Intendencia Departamental de Canelones
Documento por el cual la Intendencia adquirió el padrón N° 2366 de Santa Lucía,2013-11-18 14:12:01.966624,revision_interna,documento_por_el_cual_la_intende,Intendencia Departamental de Canelones
Costo tarjetas transporte,2014-07-01 19:14:12.498218,exitoso,costo_tarjetas_transporte,Ministerio de Transporte y Obras Públicas
Cantidad de solicitudes de acceso a la información pública y funcionarios responsables,2015-10-08 23:19:16.248829,esperando_respuesta,cantidad_de_solicitudes_de_acces_3,Ministerio de Defensa
Aguas Contaminadas La Aguada,2012-10-30 21:50:31.228536,terminado_por_usuario,aguas_contaminadas_la_aguada,Ministerio de Vivienda Ordenamiento Territorial y Medio Ambiente
Detalles sobre la licitación pública 1443/07 de ANTEL sobre la recreación de la imagen corporativa,2013-04-26 14:28:34.813899,parcialmente_exitoso,detalles_sobre_la_licitacin_pbli,ANTEL
Edificios y espacios públicos con accesibilidad universal en la ciudad de montevideo,2013-10-13 23:30:18.415156,parcialmente_exitoso,edificios_y_espacios_pblicos_con,Intendencia de Montevideo
Acerca de la educación de las personas con discapacidad.,2013-10-03 02:59:54.962437,parcialmente_exitoso,acerca_de_la_educacin_de_las_per,Ministerio de Educación y Cultura
Cantidad de muertes por violencia doméstica 2000 - 2013,2013-08-28 18:16:02.042084,parcialmente_exitoso,cantidad_de_muertes_por_violenci,Dirección General de Secretaría del Ministerio del Interior
Informe ambiental  anual Ley 17.283,2013-10-06 23:46:35.39744,esperando_respuesta,informe_ambiental_anual_ley_1728,Ministerio de Vivienda Ordenamiento Territorial y Medio Ambiente
Eliminacion del Detalle de la Factura,2014-01-26 21:32:57.614555,rechazado,eliminacion_del_detalle_de_la_fa,ANTEL
Nombres de las personas que resultaron seleccionadas en el Llamado N° 360/2013 de COORDINADOR DEPARTAMENTAL DEL MTOP,2014-02-11 13:46:55.359819,esperando_respuesta,nombres_de_las_personas_que_resu,Ministerio de Transporte y Obras Públicas
solicitud de informes al ZOO Villa Dolores,2013-01-02 22:40:17.107726,rechazado,solicitud_de_informes_al_zoo_vil,Intendencia de Montevideo
Solicitud de acceso al expediente de Efice en la división de SADI,2013-01-05 14:53:58.509013,rechazado,solicitud_de_acceso_al_expedient,Ministerio de Vivienda Ordenamiento Territorial y Medio Ambiente
Copia del recibo de sueldo del Presidente,2013-02-13 15:55:08.934426,rechazado,copia_del_recibo_de_sueldo_del_p,Dirección General de Presidencia de la República
Presupuesto y ejecución según rubros del programa Uruguay a toda Costa del año 2012,2013-01-17 01:54:47.926625,rechazado,presupuesto_y_ejecucin_segn_rubr,Ministerio de Turismo y Deporte
patente de rodado AOF,2013-01-17 23:41:42.417327,rechazado,patente_de_rodado_aof,Congreso de Intendentes
"Resultados detallados de análisis químicos del agua para consumo humano, desde diciembre 2012 a marzo 2013 inclusive.",2013-04-04 02:54:32.986723,terminado_por_usuario,resultados_detallados_de_anlisis,Administración de las Obras Sanitarias del Estado
"Cuánto dinero es destinado a la Salud, y cuánto significa en porcentaje del gasto público",2013-05-06 15:19:31.498566,rechazado,cunto_dinero_es_destinado_a_la_s,Dirección General de Secretaría del Ministerio de Salud Pública
Sociedades anónimas con participación de OSE,2013-12-15 11:32:24.352442,exitoso,sociedades_annimas_con_participa_2,Administración de las Obras Sanitarias del Estado
Denuncias por acoso laboral,2014-01-21 21:26:29.148941,exitoso,denuncias_por_acoso_laboral,Ministerio de Trabajo y Seguridad Social
Régimen de contratación de la librería ubicada en la biblioteca nacional,2014-01-21 18:26:00.79668,exitoso,rgimen_de_contratacin_de_la_libr,Ministerio de Educación y Cultura
Empresas exoneradas de impuestos bajo el régimen de protección de inversiones.,2014-02-25 11:09:05.02045,terminado_por_usuario,empresas_exoneradas_de_impuestos,Ministerio de Economia y Finanzas
Lugares públicos accesibles,2014-03-05 19:30:10.088147,esperando_respuesta,lugares_pblicos_accesibles,Ministerio de Transporte y Obras Públicas
Potabilidad,2014-03-05 19:37:40.847421,esperando_respuesta,potabilidad,Ministerio de Vivienda Ordenamiento Territorial y Medio Ambiente
"Cultivo de Tabaco, Normas aplicables, Reglamentaciones, y Procedimientos al respecto",2014-01-27 03:15:41.805027,revision_interna,cultivo_de_tabaco_normas_aplicab,Ministerio de Ganaderia Agricultura y Pesca
Asociaciones civiles inscriptas en los últimos 5 años,2014-02-25 11:52:58.44888,revision_interna,asociaciones_civiles_inscriptas,Direcion Nacional de Registro
Presupuesto de la UAIP y salario de funcionarios,2015-10-08 23:13:29.735276,por_correo,presupuesto_de_la_uaip_y_salario,Unidad de Acceso a la Información Pública
Cantidad de solicitudes de acceso a la información pública y funcionarios,2015-10-08 23:24:08.161918,exitoso,cantidad_de_solicitudes_de_acces_4,ANTEL
Sociedades Anónimas con capital público.,2014-02-11 12:15:14.192182,revision_interna,sociedades_annimas_con_capital_p,Corporación Nacional para el Desarrollo
Listado completo de proveedores del Estado.,2014-04-08 21:13:39.208281,no_retenido,listado_completo_de_proveedores,Ministerio de Economia y Finanzas
Prueba de correo AIN,2014-04-11 14:52:18.704374,esperando_respuesta,prueba_de_correo_ain,Auditoría Interna de la Nación
Normativa vigente para la habilitación de los edificios a funcionar como Escuelas Públicas,2014-03-20 18:08:43.717547,revision_interna,normativa_vigente_para_la_habili,Administración Nacional de Educación Pública - Contacto General
Horas nocturnas de funcionario de la Junta Departamental de Montevideo,2014-04-22 01:04:27.663051,waiting_clarification,horas_nocturnas_de_funcionario_d,Junta Departamental de Montevideo
"Listado de empresas proveedoras, Adjudicatarias y contratadas por del estado",2014-04-10 01:17:16.419179,no_retenido,listado_de_empresas_proveedoras,Contaduría General de la Nación
Ubicación geográfica de estaciones de servicio,2014-04-22 03:49:48.674096,exitoso,ubicacin_geogrfica_de_estaciones,ANCAP
Datos de posición de omnibus en un período de tiempo.,2014-04-05 20:27:55.95934,revision_interna,datos_de_posicin_de_omnibus_en_u,Intendencia de Montevideo
Resultados detallados de los análisis químicos del agua corriente para consumo humano desde diciembre de 2012 a marzo de 2013 inclusive.,2013-04-04 16:00:23.763247,exitoso,resultados_detallados_de_los_anl,Administración de las Obras Sanitarias del Estado
Evaluaciones finales Convocatoria a proyectos 2013,2013-04-29 17:35:18.690712,rechazado,evaluaciones_finales_convocatori,Television Nacional del Uruguay
Informe sobre cuales son los mecanismo  de control que posee el Plan CAIF.,2013-04-23 02:27:09.793713,rechazado,informe_sobre_cuales_son_los_mec,Dirección General de Secretaría del Ministerio de Desarrollo Social
Queremos saber cuál es el criterio que utiliza ANEP para contratar espacios publicitarios en los diarios de circulación nacional,2013-04-18 14:41:43.335138,rechazado,queremos_saber_cul_es_el_criteri,Administración Nacional de Educación Pública - Contacto General
Notificar acerca del destino de los gastos que realizó el INAU en 2012,2013-04-22 23:56:40.892721,rechazado,notificar_acerca_del_destino_de,Instituto Nacional del Nino y el Adolescente del Uruguay
Publicidades de Uruguay Natural 2010- 2012,2013-04-29 22:53:31.95831,rechazado,publicidades_de_uruguay_natural,Ministerio de Turismo y Deporte
Becas o subsidios para estudiantes de Montevideo que estudien en el interior,2013-10-13 01:31:27.88987,rechazado,becas_o_subsidios_para_estudiant,Administración Nacional de Educación Pública - Contacto General
VAL GNL del Plata terminal de recepción y regasificación de gas natural licuado,2013-05-19 03:26:40.030432,rechazado,val_gnl_del_plata_terminal_de_re,Ministerio de Vivienda Ordenamiento Territorial y Medio Ambiente
Destino del dinero y bienes incautados,2013-05-13 02:22:04.838213,rechazado,destino_del_dinero_y_bienes_inca,Junta Nacional de Drogas
Problemas de Comunicacion entre Antel y los cajeros del Brou el día 09/05/2013,2013-09-12 13:59:27.816347,rechazado,problemas_de_comunicacion_entre,ANTEL
Autorización ambiental para Planta Regasificadora de Gas Licuado,2013-05-28 00:22:44.339291,rechazado,autorizacin_ambiental_para_plant,Ministerio de Vivienda Ordenamiento Territorial y Medio Ambiente
Solicito se me entregue la Ley de Salud Pública vigente en el país.,2013-06-13 05:46:52.80157,rechazado,solicito_se_me_entregue_la_ley_d,Dirección General de Secretaría del Ministerio de Salud Pública
Convenio OPP-MEC-Intendencia de Colonia,2013-07-15 16:21:29.703785,rechazado,convenio_opp_mec_intendencia_de,Oficina de Planeamiento y Presupuesto
"""Cantidad de funcionarios y pacientes en situacion de CTI del Hospital Pereira Rossell""",2013-10-01 03:22:06.072702,rechazado,cantidad_de_funcionarios_y_pacie,Dirección General de Secretaría del Ministerio de Salud Pública
Datos de donaciones a partidos políticos para campaña electoral,2013-08-25 16:35:49.68989,rechazado,datos_de_donaciones_a_partidos_p,Corte Electoral
"Habilitacion de plantas elaboradoras ,de alimentos para rumeantes",2013-09-13 22:16:28.473494,rechazado,habilitacion_de_plantas_elaborad,Ministerio de Ganaderia Agricultura y Pesca
Convenio o contrato suscrito con la empresa EQUIFAX - clearing de informes,2013-05-14 16:38:40.790398,rechazado,convenio_o_contrato_suscrito_con,Intendencia Departamental de Canelones
Información del convenio del para deportistas de alto rendimiento con la acj,2013-08-30 15:20:17.519196,rechazado,informacin_del_convenio_del_para,Secretaría Nacional de Deporte
Pedido de prueba para Corte Electoral,2013-08-25 01:26:34.294179,rechazado,pedido_de_prueba_para_corte_elec,Corte Electoral
Sobre inserción laboral de las personas con discapacidad,2013-10-03 02:41:44.655114,rechazado,sobre_insercin_laboral_de_las_pe,Ministerio de Trabajo y Seguridad Social
Saber el número de ómnibus que circulan con accesibilidad para sillas de ruedas,2013-10-03 19:57:21.365409,rechazado,saber_el_nmero_de_mnibus_que_cir,Dirección Nacional de Transporte
"Porcentaje de ausentismo docente en secundaria, en 2012 y lo que va de 2013",2013-10-08 14:39:51.713599,por_correo,porcentaje_de_ausentismo_docente,Ministerio de Educación y Cultura
Cantidad de Motos empadronadas en Canelones desde 2010 a la Fecha,2013-12-02 19:12:49.549789,por_correo,cantidad_de_motos_empadronadas_e_2,Intendencia Departamental de Canelones
Cantidad de Motos empadronadas en Montevideo desde 2010 a la Fecha,2013-12-02 19:09:16.10517,waiting_clarification,cantidad_de_motos_empadronadas_e,Intendencia de Montevideo
Dinero gastado en publicidad desde octubre 2011 a octubre 2013.,2013-10-17 02:30:00.313354,rechazado,dinero_gastado_en_publicidad_des,ANTEL
Obras Canal Andreoni - La Coronilla - Rocha,2012-10-08 13:56:44.539943,rechazado,obras_canal_andreoni_la_coronill,Dirección Nacional de Hidrografía
Solicitud de información de Asistentes Sociales y/o Lic. en Trabajo Social.,2014-07-06 02:08:14.202612,revision_interna,solicitud_de_informacin_de_asist_6,Ministerio de Trabajo y Seguridad Social
Solicitud de información de Asistentes Sociales y/o Lic. en Trabajo Social,2014-07-06 02:22:36.675981,esperando_respuesta,solicitud_de_informacin_de_asist_8,UE 030: Dirección Nacional de Sanidad Policial
La cantidad de dinero gastada en los viajes realizados por la Intendenta de Montevideo,2013-04-21 19:28:32.655446,por_correo,la_cantidad_de_dinero_gastada_en,Intendencia de Montevideo
"Listado de vehículos que posee la intendencia, con detalle de precio y bajo que área de la intendencia funcionan",2013-04-23 02:25:30.62797,por_correo,listado_de_vehculos_que_posee_la,Intendencia de Montevideo
Registro de Terreno en Maldonado - Playa Grande,2013-06-03 00:16:16.847176,rechazado,registro_de_terreno_en_maldonado_2,Ministerio de Educación y Cultura
Presupuesto destinado a Gestion de Residuos Solidos,2013-07-22 02:23:28.515196,por_correo,presupuesto_destinado_a_gestion,Intendencia de Montevideo
Residuos y destino de residuos,2013-07-22 02:50:19.429972,por_correo,residuos_y_destino_de_residuos,Intendencia de Montevideo
Reparación Calle,2013-09-23 15:21:28.887201,not_foi,reparacion_calle,Intendencia de Montevideo
Cantidad de ómnibus que circulan por Montevideo con accesibilidad para sillas de ruedas,2013-10-03 20:00:42.210268,waiting_clarification,cantidad_de_mnibus_que_circulan,Intendencia de Montevideo
Precio del supergas,2013-07-17 04:11:48.570036,exitoso,precio_del_supergas,ANCAP
"Rendición  de cuentas anual de la gestión municipal de la Intendencia de Montevideo, años 2009-2014",2015-01-13 12:51:16.395307,exitoso,rendicion_de_cuentas_anual_de_la_2,Intendencia de Montevideo
Uso vehículo oficiales MIDES,2015-02-02 14:22:02.065784,esperando_respuesta,uso_vehiculo_oficiales_mides,Dirección General de Secretaría del Ministerio de Desarrollo Social
Conexión de agua potable en asentamientos,2016-02-07 15:05:47.992821,esperando_respuesta,conexion_de_agua_potable_en_asen,Ministerio de Vivienda Ordenamiento Territorial y Medio Ambiente
Solicitud de información de Asistentes Sociales y/o Lic. en Trabajo Social.,2014-07-06 02:35:34.882182,revision_interna,solicitud_de_informacin_de_asist_10,Instituto Nacional del Nino y el Adolescente del Uruguay
Presupuesto asignado a la obra Corredor Garzón,2015-02-26 13:48:57.616438,por_correo,presupuesto_asignado_a_la_obra_c,Intendencia de Montevideo
Costos de la Embajada en Madrid,2015-03-13 22:11:49.663058,esperando_respuesta,costos_de_la_embajada_en_madrid,Ministerio de Relaciones Exteiores
Rendición de Cuentas anual de la gestión municipal 2009-2011,2015-03-18 21:30:09.768502,unsatisfactory_response,rendicion_de_cuentas_anual_de_la_3,Intendencia de Durazno
Referentes Pares,2016-02-09 22:51:21.119789,esperando_respuesta,referentes_pares,Administración Nacional de Educación Pública - Contacto General
Programa Centros de Primera Infancia,2016-02-09 22:56:24.763895,esperando_respuesta,programa_centros_de_primera_infa,Instituto Nacional del Nino y el Adolescente del Uruguay
Información sobre investigaciones en pensiones y jubilaciones fraudulentas,2015-01-08 11:41:00.49412,por_correo,informacion_sobre_investigacione,Banco de Previsión Social
Solicito información sobre la ley de viviendas donde especifique la cesion de partes sociales en una cooperativa modalidad propietario,2016-02-05 15:08:01.776357,esperando_respuesta,solicito_informacion_sobre_la_le,Ministerio de Vivienda Ordenamiento Territorial y Medio Ambiente
Stock de viviendas,2016-02-09 22:58:06.529762,esperando_respuesta,stock_de_viviendas,Ministerio de Vivienda Ordenamiento Territorial y Medio Ambiente
Implementación de la historia clínica electrónica,2016-02-09 23:00:04.259799,esperando_respuesta,implementacion_de_la_historia_cl,Dirección General de Secretaría del Ministerio de Salud Pública
Trabajo de ediles y remuneración de los mismos.,2016-03-14 17:10:40.290532,revision_interna,trabajo_de_ediles_y_remuneracion,Intendencia Departamental de Flores
Cobertura Nacional a TV Sodre y Radiodifusión Nacional de Uruguay,2016-02-07 15:10:34.441288,por_correo,cobertura_nacional_a_tv_sodre_y,Ministerio de Educación y Cultura
